snapshot,kingdom,basisOfRecord,occurrenceCount
12/19/07,0,FOSSIL_SPECIMEN,23683
12/19/07,0,LITERATURE,192
12/19/07,0,LIVING_SPECIMEN,569
12/19/07,0,OBSERVATION,263259
12/19/07,0,PRESERVED_SPECIMEN,200564
12/19/07,0,UNKNOWN,314419
12/19/07,1,FOSSIL_SPECIMEN,542243
12/19/07,1,HUMAN_OBSERVATION,554953
12/19/07,1,LITERATURE,78933
12/19/07,1,LIVING_SPECIMEN,1074
12/19/07,1,OBSERVATION,52867430
12/19/07,1,PRESERVED_SPECIMEN,15141897
12/19/07,1,UNKNOWN,9544290
12/19/07,2,PRESERVED_SPECIMEN,403
12/19/07,2,UNKNOWN,128
12/19/07,3,FOSSIL_SPECIMEN,538
12/19/07,3,LIVING_SPECIMEN,7803
12/19/07,3,OBSERVATION,32583
12/19/07,3,PRESERVED_SPECIMEN,18643
12/19/07,3,UNKNOWN,44633
12/19/07,4,FOSSIL_SPECIMEN,42369
12/19/07,4,LIVING_SPECIMEN,2375
12/19/07,4,OBSERVATION,1430756
12/19/07,4,PRESERVED_SPECIMEN,74209
12/19/07,4,UNKNOWN,118052
12/19/07,5,FOSSIL_SPECIMEN,220
12/19/07,5,LITERATURE,196
12/19/07,5,LIVING_SPECIMEN,70733
12/19/07,5,OBSERVATION,549674
12/19/07,5,PRESERVED_SPECIMEN,1312139
12/19/07,5,UNKNOWN,298421
12/19/07,6,FOSSIL_SPECIMEN,79652
12/19/07,6,HUMAN_OBSERVATION,117346
12/19/07,6,LITERATURE,32746
12/19/07,6,LIVING_SPECIMEN,230417
12/19/07,6,OBSERVATION,15502126
12/19/07,6,PRESERVED_SPECIMEN,13190079
12/19/07,6,UNKNOWN,12660104
12/19/07,7,FOSSIL_SPECIMEN,665
12/19/07,7,LIVING_SPECIMEN,2464
12/19/07,7,OBSERVATION,57789
12/19/07,7,PRESERVED_SPECIMEN,189534
12/19/07,7,UNKNOWN,3743
12/19/07,8,FOSSIL_SPECIMEN,1
12/19/07,8,UNKNOWN,564
4/1/08,0,FOSSIL_SPECIMEN,23683
4/1/08,0,LITERATURE,192
4/1/08,0,LIVING_SPECIMEN,614
4/1/08,0,OBSERVATION,264353
4/1/08,0,PRESERVED_SPECIMEN,214533
4/1/08,0,UNKNOWN,302285
4/1/08,1,FOSSIL_SPECIMEN,542243
4/1/08,1,HUMAN_OBSERVATION,555615
4/1/08,1,LITERATURE,78933
4/1/08,1,LIVING_SPECIMEN,1074
4/1/08,1,OBSERVATION,57643588
4/1/08,1,PRESERVED_SPECIMEN,15572067
4/1/08,1,UNKNOWN,10424554
4/1/08,2,PRESERVED_SPECIMEN,403
4/1/08,2,UNKNOWN,128
4/1/08,3,FOSSIL_SPECIMEN,538
4/1/08,3,LIVING_SPECIMEN,7803
4/1/08,3,OBSERVATION,32586
4/1/08,3,PRESERVED_SPECIMEN,18643
4/1/08,3,UNKNOWN,44628
4/1/08,4,FOSSIL_SPECIMEN,42369
4/1/08,4,LIVING_SPECIMEN,2375
4/1/08,4,OBSERVATION,1434093
4/1/08,4,PRESERVED_SPECIMEN,74643
4/1/08,4,UNKNOWN,185374
4/1/08,5,FOSSIL_SPECIMEN,220
4/1/08,5,HUMAN_OBSERVATION,287
4/1/08,5,LITERATURE,196
4/1/08,5,LIVING_SPECIMEN,70735
4/1/08,5,OBSERVATION,570503
4/1/08,5,PRESERVED_SPECIMEN,1343793
4/1/08,5,UNKNOWN,301612
4/1/08,6,FOSSIL_SPECIMEN,79652
4/1/08,6,HUMAN_OBSERVATION,126432
4/1/08,6,LITERATURE,32746
4/1/08,6,LIVING_SPECIMEN,251089
4/1/08,6,OBSERVATION,16289781
4/1/08,6,PRESERVED_SPECIMEN,14069965
4/1/08,6,UNKNOWN,12598122
4/1/08,7,FOSSIL_SPECIMEN,665
4/1/08,7,LIVING_SPECIMEN,2464
4/1/08,7,OBSERVATION,57812
4/1/08,7,PRESERVED_SPECIMEN,189736
4/1/08,7,UNKNOWN,4030
4/1/08,8,FOSSIL_SPECIMEN,1
4/1/08,8,UNKNOWN,564
6/27/08,0,FOSSIL_SPECIMEN,22014
6/27/08,0,HUMAN_OBSERVATION,375
6/27/08,0,LITERATURE,197
6/27/08,0,LIVING_SPECIMEN,702
6/27/08,0,OBSERVATION,284381
6/27/08,0,PRESERVED_SPECIMEN,226842
6/27/08,0,UNKNOWN,312052
6/27/08,1,FOSSIL_SPECIMEN,561768
6/27/08,1,HUMAN_OBSERVATION,555626
6/27/08,1,LITERATURE,103140
6/27/08,1,LIVING_SPECIMEN,1074
6/27/08,1,OBSERVATION,57885382
6/27/08,1,PRESERVED_SPECIMEN,16650359
6/27/08,1,UNKNOWN,14033591
6/27/08,2,PRESERVED_SPECIMEN,406
6/27/08,2,UNKNOWN,130
6/27/08,3,FOSSIL_SPECIMEN,567
6/27/08,3,LIVING_SPECIMEN,7804
6/27/08,3,OBSERVATION,32823
6/27/08,3,PRESERVED_SPECIMEN,67458
6/27/08,3,UNKNOWN,52863
6/27/08,4,FOSSIL_SPECIMEN,45422
6/27/08,4,HUMAN_OBSERVATION,107745
6/27/08,4,LIVING_SPECIMEN,2375
6/27/08,4,OBSERVATION,1790636
6/27/08,4,PRESERVED_SPECIMEN,99745
6/27/08,4,UNKNOWN,62892
6/27/08,5,FOSSIL_SPECIMEN,221
6/27/08,5,HUMAN_OBSERVATION,287
6/27/08,5,LITERATURE,199
6/27/08,5,LIVING_SPECIMEN,70985
6/27/08,5,OBSERVATION,621891
6/27/08,5,PRESERVED_SPECIMEN,1410301
6/27/08,5,UNKNOWN,430396
6/27/08,6,FOSSIL_SPECIMEN,80153
6/27/08,6,HUMAN_OBSERVATION,126501
6/27/08,6,LITERATURE,34301
6/27/08,6,LIVING_SPECIMEN,274140
6/27/08,6,OBSERVATION,16600308
6/27/08,6,PRESERVED_SPECIMEN,15251044
6/27/08,6,UNKNOWN,15448621
6/27/08,7,FOSSIL_SPECIMEN,523
6/27/08,7,LIVING_SPECIMEN,2464
6/27/08,7,OBSERVATION,78997
6/27/08,7,PRESERVED_SPECIMEN,197348
6/27/08,7,UNKNOWN,8018
6/27/08,8,FOSSIL_SPECIMEN,1
6/27/08,8,UNKNOWN,564
10/10/08,0,FOSSIL_SPECIMEN,21884
10/10/08,0,HUMAN_OBSERVATION,24872
10/10/08,0,LITERATURE,203
10/10/08,0,LIVING_SPECIMEN,721
10/10/08,0,OBSERVATION,296948
10/10/08,0,PRESERVED_SPECIMEN,235567
10/10/08,0,UNKNOWN,351852
10/10/08,1,FOSSIL_SPECIMEN,571752
10/10/08,1,HUMAN_OBSERVATION,636922
10/10/08,1,LITERATURE,104659
10/10/08,1,LIVING_SPECIMEN,1076
10/10/08,1,OBSERVATION,62020412
10/10/08,1,PRESERVED_SPECIMEN,19365229
10/10/08,1,UNKNOWN,13923287
10/10/08,2,PRESERVED_SPECIMEN,406
10/10/08,2,UNKNOWN,134
10/10/08,3,FOSSIL_SPECIMEN,576
10/10/08,3,HUMAN_OBSERVATION,36
10/10/08,3,LIVING_SPECIMEN,7828
10/10/08,3,OBSERVATION,32840
10/10/08,3,PRESERVED_SPECIMEN,67721
10/10/08,3,UNKNOWN,54135
10/10/08,4,FOSSIL_SPECIMEN,45580
10/10/08,4,HUMAN_OBSERVATION,550497
10/10/08,4,LIVING_SPECIMEN,2413
10/10/08,4,OBSERVATION,1722539
10/10/08,4,PRESERVED_SPECIMEN,101798
10/10/08,4,UNKNOWN,69885
10/10/08,5,FOSSIL_SPECIMEN,222
10/10/08,5,HUMAN_OBSERVATION,5251
10/10/08,5,LITERATURE,199
10/10/08,5,LIVING_SPECIMEN,70985
10/10/08,5,OBSERVATION,623969
10/10/08,5,PRESERVED_SPECIMEN,1437527
10/10/08,5,UNKNOWN,464356
10/10/08,6,FOSSIL_SPECIMEN,80292
10/10/08,6,HUMAN_OBSERVATION,356925
10/10/08,6,LITERATURE,34301
10/10/08,6,LIVING_SPECIMEN,415806
10/10/08,6,OBSERVATION,17055468
10/10/08,6,PRESERVED_SPECIMEN,15927270
10/10/08,6,UNKNOWN,18703537
10/10/08,7,FOSSIL_SPECIMEN,534
10/10/08,7,HUMAN_OBSERVATION,417
10/10/08,7,LIVING_SPECIMEN,2483
10/10/08,7,OBSERVATION,78997
10/10/08,7,PRESERVED_SPECIMEN,197847
10/10/08,7,UNKNOWN,7955
10/10/08,8,FOSSIL_SPECIMEN,1
10/10/08,8,UNKNOWN,564
12/17/08,0,FOSSIL_SPECIMEN,34838
12/17/08,0,HUMAN_OBSERVATION,33130
12/17/08,0,LITERATURE,203
12/17/08,0,LIVING_SPECIMEN,722
12/17/08,0,OBSERVATION,350696
12/17/08,0,PRESERVED_SPECIMEN,223573
12/17/08,0,UNKNOWN,296749
12/17/08,1,FOSSIL_SPECIMEN,644168
12/17/08,1,HUMAN_OBSERVATION,111965
12/17/08,1,LITERATURE,104663
12/17/08,1,LIVING_SPECIMEN,1242
12/17/08,1,OBSERVATION,69031960
12/17/08,1,PRESERVED_SPECIMEN,18786197
12/17/08,1,UNKNOWN,13554269
12/17/08,2,PRESERVED_SPECIMEN,406
12/17/08,2,UNKNOWN,134
12/17/08,3,FOSSIL_SPECIMEN,606
12/17/08,3,HUMAN_OBSERVATION,36
12/17/08,3,LIVING_SPECIMEN,7828
12/17/08,3,OBSERVATION,33174
12/17/08,3,PRESERVED_SPECIMEN,67726
12/17/08,3,UNKNOWN,54203
12/17/08,4,FOSSIL_SPECIMEN,45946
12/17/08,4,HUMAN_OBSERVATION,721618
12/17/08,4,LIVING_SPECIMEN,2413
12/17/08,4,OBSERVATION,1714972
12/17/08,4,PRESERVED_SPECIMEN,105561
12/17/08,4,UNKNOWN,73699
12/17/08,5,FOSSIL_SPECIMEN,247
12/17/08,5,HUMAN_OBSERVATION,4969
12/17/08,5,LITERATURE,199
12/17/08,5,LIVING_SPECIMEN,70995
12/17/08,5,OBSERVATION,675057
12/17/08,5,PRESERVED_SPECIMEN,1467886
12/17/08,5,UNKNOWN,466697
12/17/08,6,FOSSIL_SPECIMEN,80819
12/17/08,6,HUMAN_OBSERVATION,349020
12/17/08,6,LITERATURE,34301
12/17/08,6,LIVING_SPECIMEN,427429
12/17/08,6,OBSERVATION,24717602
12/17/08,6,PRESERVED_SPECIMEN,13615441
12/17/08,6,UNKNOWN,16100874
12/17/08,7,FOSSIL_SPECIMEN,537
12/17/08,7,HUMAN_OBSERVATION,451
12/17/08,7,LIVING_SPECIMEN,2484
12/17/08,7,OBSERVATION,101301
12/17/08,7,PRESERVED_SPECIMEN,198119
12/17/08,7,UNKNOWN,9079
12/17/08,8,FOSSIL_SPECIMEN,1
12/17/08,8,UNKNOWN,564
4/6/09,0,FOSSIL_SPECIMEN,35033
4/6/09,0,HUMAN_OBSERVATION,33771
4/6/09,0,LITERATURE,203
4/6/09,0,LIVING_SPECIMEN,1115
4/6/09,0,OBSERVATION,338498
4/6/09,0,PRESERVED_SPECIMEN,283724
4/6/09,0,UNKNOWN,268978
4/6/09,1,FOSSIL_SPECIMEN,659899
4/6/09,1,HUMAN_OBSERVATION,339265
4/6/09,1,LITERATURE,105013
4/6/09,1,LIVING_SPECIMEN,1262
4/6/09,1,OBSERVATION,75469655
4/6/09,1,PRESERVED_SPECIMEN,21702431
4/6/09,1,UNKNOWN,13180871
4/6/09,2,LIVING_SPECIMEN,376
4/6/09,2,PRESERVED_SPECIMEN,406
4/6/09,2,UNKNOWN,134
4/6/09,3,FOSSIL_SPECIMEN,634
4/6/09,3,HUMAN_OBSERVATION,260
4/6/09,3,LIVING_SPECIMEN,24196
4/6/09,3,OBSERVATION,33173
4/6/09,3,PRESERVED_SPECIMEN,67786
4/6/09,3,UNKNOWN,54211
4/6/09,4,FOSSIL_SPECIMEN,46353
4/6/09,4,HUMAN_OBSERVATION,738654
4/6/09,4,LIVING_SPECIMEN,3619
4/6/09,4,OBSERVATION,1709400
4/6/09,4,PRESERVED_SPECIMEN,117257
4/6/09,4,UNKNOWN,71950
4/6/09,5,FOSSIL_SPECIMEN,243
4/6/09,5,HUMAN_OBSERVATION,15516
4/6/09,5,LITERATURE,199
4/6/09,5,LIVING_SPECIMEN,95616
4/6/09,5,OBSERVATION,696151
4/6/09,5,PRESERVED_SPECIMEN,1503752
4/6/09,5,UNKNOWN,472527
4/6/09,6,FOSSIL_SPECIMEN,80938
4/6/09,6,HUMAN_OBSERVATION,708640
4/6/09,6,LITERATURE,34301
4/6/09,6,LIVING_SPECIMEN,440144
4/6/09,6,OBSERVATION,25451208
4/6/09,6,PRESERVED_SPECIMEN,14862372
4/6/09,6,UNKNOWN,15893924
4/6/09,7,FOSSIL_SPECIMEN,539
4/6/09,7,HUMAN_OBSERVATION,627
4/6/09,7,LIVING_SPECIMEN,2497
4/6/09,7,OBSERVATION,122863
4/6/09,7,PRESERVED_SPECIMEN,198469
4/6/09,7,UNKNOWN,9052
4/6/09,8,FOSSIL_SPECIMEN,1
4/6/09,8,LIVING_SPECIMEN,214
4/6/09,8,UNKNOWN,564
6/17/09,0,FOSSIL_SPECIMEN,35509
6/17/09,0,HUMAN_OBSERVATION,34429
6/17/09,0,LITERATURE,209
6/17/09,0,LIVING_SPECIMEN,1173
6/17/09,0,OBSERVATION,338509
6/17/09,0,PRESERVED_SPECIMEN,293121
6/17/09,0,UNKNOWN,279304
6/17/09,1,FOSSIL_SPECIMEN,677282
6/17/09,1,HUMAN_OBSERVATION,468865
6/17/09,1,LITERATURE,132077
6/17/09,1,LIVING_SPECIMEN,1262
6/17/09,1,OBSERVATION,79261719
6/17/09,1,PRESERVED_SPECIMEN,22218566
6/17/09,1,UNKNOWN,13268126
6/17/09,2,LIVING_SPECIMEN,399
6/17/09,2,PRESERVED_SPECIMEN,409
6/17/09,2,UNKNOWN,134
6/17/09,3,FOSSIL_SPECIMEN,649
6/17/09,3,HUMAN_OBSERVATION,260
6/17/09,3,LIVING_SPECIMEN,27168
6/17/09,3,OBSERVATION,33173
6/17/09,3,PRESERVED_SPECIMEN,67879
6/17/09,3,UNKNOWN,53981
6/17/09,4,FOSSIL_SPECIMEN,46780
6/17/09,4,HUMAN_OBSERVATION,755485
6/17/09,4,LIVING_SPECIMEN,3619
6/17/09,4,OBSERVATION,1698823
6/17/09,4,PRESERVED_SPECIMEN,120166
6/17/09,4,UNKNOWN,163882
6/17/09,5,FOSSIL_SPECIMEN,244
6/17/09,5,HUMAN_OBSERVATION,15522
6/17/09,5,LITERATURE,387
6/17/09,5,LIVING_SPECIMEN,95616
6/17/09,5,OBSERVATION,696007
6/17/09,5,PRESERVED_SPECIMEN,1528125
6/17/09,5,UNKNOWN,471474
6/17/09,6,FOSSIL_SPECIMEN,82394
6/17/09,6,HUMAN_OBSERVATION,681749
6/17/09,6,LITERATURE,41486
6/17/09,6,LIVING_SPECIMEN,457313
6/17/09,6,OBSERVATION,25239544
6/17/09,6,PRESERVED_SPECIMEN,15210385
6/17/09,6,UNKNOWN,16017750
6/17/09,7,FOSSIL_SPECIMEN,530
6/17/09,7,HUMAN_OBSERVATION,627
6/17/09,7,LIVING_SPECIMEN,2497
6/17/09,7,OBSERVATION,122863
6/17/09,7,PRESERVED_SPECIMEN,198993
6/17/09,7,UNKNOWN,9088
6/17/09,8,FOSSIL_SPECIMEN,1
6/17/09,8,LIVING_SPECIMEN,214
6/17/09,8,UNKNOWN,564
9/25/09,0,FOSSIL_SPECIMEN,35614
9/25/09,0,HUMAN_OBSERVATION,34937
9/25/09,0,LITERATURE,210
9/25/09,0,LIVING_SPECIMEN,1125
9/25/09,0,OBSERVATION,361469
9/25/09,0,PRESERVED_SPECIMEN,260654
9/25/09,0,UNKNOWN,280198
9/25/09,1,FOSSIL_SPECIMEN,691076
9/25/09,1,HUMAN_OBSERVATION,469018
9/25/09,1,LITERATURE,132078
9/25/09,1,LIVING_SPECIMEN,1520
9/25/09,1,OBSERVATION,84676813
9/25/09,1,PRESERVED_SPECIMEN,25484821
9/25/09,1,UNKNOWN,12362666
9/25/09,2,LIVING_SPECIMEN,400
9/25/09,2,PRESERVED_SPECIMEN,459
9/25/09,2,UNKNOWN,134
9/25/09,3,FOSSIL_SPECIMEN,649
9/25/09,3,HUMAN_OBSERVATION,260
9/25/09,3,LIVING_SPECIMEN,29062
9/25/09,3,OBSERVATION,33173
9/25/09,3,PRESERVED_SPECIMEN,70776
9/25/09,3,UNKNOWN,54421
9/25/09,4,FOSSIL_SPECIMEN,46781
9/25/09,4,HUMAN_OBSERVATION,755493
9/25/09,4,LIVING_SPECIMEN,3761
9/25/09,4,OBSERVATION,1698822
9/25/09,4,PRESERVED_SPECIMEN,124781
9/25/09,4,UNKNOWN,169833
9/25/09,5,FOSSIL_SPECIMEN,244
9/25/09,5,HUMAN_OBSERVATION,15670
9/25/09,5,LITERATURE,387
9/25/09,5,LIVING_SPECIMEN,100593
9/25/09,5,OBSERVATION,696422
9/25/09,5,PRESERVED_SPECIMEN,1821897
9/25/09,5,UNKNOWN,470783
9/25/09,6,FOSSIL_SPECIMEN,82801
9/25/09,6,HUMAN_OBSERVATION,1797433
9/25/09,6,LITERATURE,48726
9/25/09,6,LIVING_SPECIMEN,429144
9/25/09,6,OBSERVATION,25295237
9/25/09,6,PRESERVED_SPECIMEN,16866279
9/25/09,6,UNKNOWN,16134327
9/25/09,7,FOSSIL_SPECIMEN,530
9/25/09,7,HUMAN_OBSERVATION,627
9/25/09,7,LIVING_SPECIMEN,2565
9/25/09,7,OBSERVATION,123264
9/25/09,7,PRESERVED_SPECIMEN,201873
9/25/09,7,UNKNOWN,9987
9/25/09,8,FOSSIL_SPECIMEN,1
9/25/09,8,LIVING_SPECIMEN,214
9/25/09,8,UNKNOWN,564
12/16/09,0,FOSSIL_SPECIMEN,39690
12/16/09,0,HUMAN_OBSERVATION,34944
12/16/09,0,LITERATURE,210
12/16/09,0,LIVING_SPECIMEN,1219
12/16/09,0,OBSERVATION,362159
12/16/09,0,PRESERVED_SPECIMEN,274168
12/16/09,0,UNKNOWN,283750
12/16/09,1,FOSSIL_SPECIMEN,741146
12/16/09,1,HUMAN_OBSERVATION,499575
12/16/09,1,LITERATURE,132078
12/16/09,1,LIVING_SPECIMEN,1551
12/16/09,1,OBSERVATION,88373593
12/16/09,1,PRESERVED_SPECIMEN,25868854
12/16/09,1,UNKNOWN,12969925
12/16/09,2,LIVING_SPECIMEN,400
12/16/09,2,PRESERVED_SPECIMEN,459
12/16/09,2,UNKNOWN,134
12/16/09,3,FOSSIL_SPECIMEN,649
12/16/09,3,HUMAN_OBSERVATION,260
12/16/09,3,LIVING_SPECIMEN,29062
12/16/09,3,OBSERVATION,33173
12/16/09,3,PRESERVED_SPECIMEN,70775
12/16/09,3,UNKNOWN,54421
12/16/09,4,FOSSIL_SPECIMEN,46828
12/16/09,4,HUMAN_OBSERVATION,756110
12/16/09,4,LIVING_SPECIMEN,3761
12/16/09,4,OBSERVATION,1698832
12/16/09,4,PRESERVED_SPECIMEN,124642
12/16/09,4,UNKNOWN,169816
12/16/09,5,FOSSIL_SPECIMEN,275
12/16/09,5,HUMAN_OBSERVATION,15670
12/16/09,5,LITERATURE,387
12/16/09,5,LIVING_SPECIMEN,100593
12/16/09,5,OBSERVATION,696953
12/16/09,5,PRESERVED_SPECIMEN,1908695
12/16/09,5,UNKNOWN,474073
12/16/09,6,FOSSIL_SPECIMEN,90677
12/16/09,6,HUMAN_OBSERVATION,1797433
12/16/09,6,LITERATURE,48726
12/16/09,6,LIVING_SPECIMEN,494632
12/16/09,6,OBSERVATION,25561719
12/16/09,6,PRESERVED_SPECIMEN,17725106
12/16/09,6,UNKNOWN,16164533
12/16/09,7,FOSSIL_SPECIMEN,531
12/16/09,7,HUMAN_OBSERVATION,637
12/16/09,7,LIVING_SPECIMEN,2565
12/16/09,7,OBSERVATION,123270
12/16/09,7,PRESERVED_SPECIMEN,201873
12/16/09,7,UNKNOWN,9987
12/16/09,8,FOSSIL_SPECIMEN,1
12/16/09,8,LIVING_SPECIMEN,214
12/16/09,8,UNKNOWN,564
4/1/10,0,FOSSIL_SPECIMEN,39692
4/1/10,0,HUMAN_OBSERVATION,47272
4/1/10,0,LITERATURE,202
4/1/10,0,LIVING_SPECIMEN,1204
4/1/10,0,OBSERVATION,365960
4/1/10,0,PRESERVED_SPECIMEN,282111
4/1/10,0,UNKNOWN,287435
4/1/10,1,FOSSIL_SPECIMEN,741157
4/1/10,1,HUMAN_OBSERVATION,573007
4/1/10,1,LITERATURE,136340
4/1/10,1,LIVING_SPECIMEN,1552
4/1/10,1,OBSERVATION,88741447
4/1/10,1,PRESERVED_SPECIMEN,26673051
4/1/10,1,UNKNOWN,13122518
4/1/10,2,LIVING_SPECIMEN,400
4/1/10,2,PRESERVED_SPECIMEN,459
4/1/10,2,UNKNOWN,134
4/1/10,3,FOSSIL_SPECIMEN,649
4/1/10,3,HUMAN_OBSERVATION,887
4/1/10,3,LIVING_SPECIMEN,29062
4/1/10,3,OBSERVATION,33173
4/1/10,3,PRESERVED_SPECIMEN,72642
4/1/10,3,UNKNOWN,54433
4/1/10,4,FOSSIL_SPECIMEN,46903
4/1/10,4,HUMAN_OBSERVATION,940461
4/1/10,4,LIVING_SPECIMEN,3761
4/1/10,4,OBSERVATION,1696196
4/1/10,4,PRESERVED_SPECIMEN,175697
4/1/10,4,UNKNOWN,273260
4/1/10,5,FOSSIL_SPECIMEN,275
4/1/10,5,HUMAN_OBSERVATION,18741
4/1/10,5,LITERATURE,387
4/1/10,5,LIVING_SPECIMEN,100593
4/1/10,5,OBSERVATION,699618
4/1/10,5,PRESERVED_SPECIMEN,2031038
4/1/10,5,UNKNOWN,491025
4/1/10,6,FOSSIL_SPECIMEN,90677
4/1/10,6,HUMAN_OBSERVATION,2127444
4/1/10,6,LITERATURE,48686
4/1/10,6,LIVING_SPECIMEN,352086
4/1/10,6,OBSERVATION,26084311
4/1/10,6,PRESERVED_SPECIMEN,18747739
4/1/10,6,UNKNOWN,16485645
4/1/10,7,FOSSIL_SPECIMEN,531
4/1/10,7,HUMAN_OBSERVATION,723
4/1/10,7,LIVING_SPECIMEN,2565
4/1/10,7,OBSERVATION,123278
4/1/10,7,PRESERVED_SPECIMEN,206275
4/1/10,7,UNKNOWN,10881
4/1/10,8,FOSSIL_SPECIMEN,1
4/1/10,8,LIVING_SPECIMEN,214
4/1/10,8,UNKNOWN,564
7/26/10,0,FOSSIL_SPECIMEN,39721
7/26/10,0,HUMAN_OBSERVATION,47228
7/26/10,0,LITERATURE,74091
7/26/10,0,LIVING_SPECIMEN,1210
7/26/10,0,OBSERVATION,374301
7/26/10,0,PRESERVED_SPECIMEN,286784
7/26/10,0,UNKNOWN,297465
7/26/10,1,FOSSIL_SPECIMEN,742164
7/26/10,1,HUMAN_OBSERVATION,582776
7/26/10,1,LITERATURE,139114
7/26/10,1,LIVING_SPECIMEN,1552
7/26/10,1,OBSERVATION,88853266
7/26/10,1,PRESERVED_SPECIMEN,27611515
7/26/10,1,UNKNOWN,13460509
7/26/10,2,LIVING_SPECIMEN,400
7/26/10,2,PRESERVED_SPECIMEN,459
7/26/10,2,UNKNOWN,134
7/26/10,3,FOSSIL_SPECIMEN,649
7/26/10,3,HUMAN_OBSERVATION,895
7/26/10,3,LIVING_SPECIMEN,29062
7/26/10,3,OBSERVATION,33173
7/26/10,3,PRESERVED_SPECIMEN,72645
7/26/10,3,UNKNOWN,57186
7/26/10,4,FOSSIL_SPECIMEN,46955
7/26/10,4,HUMAN_OBSERVATION,974340
7/26/10,4,LITERATURE,46
7/26/10,4,LIVING_SPECIMEN,3763
7/26/10,4,OBSERVATION,1696322
7/26/10,4,PRESERVED_SPECIMEN,177677
7/26/10,4,UNKNOWN,327921
7/26/10,5,FOSSIL_SPECIMEN,275
7/26/10,5,HUMAN_OBSERVATION,19115
7/26/10,5,LITERATURE,1108
7/26/10,5,LIVING_SPECIMEN,100593
7/26/10,5,OBSERVATION,700565
7/26/10,5,PRESERVED_SPECIMEN,1984635
7/26/10,5,UNKNOWN,494633
7/26/10,6,FOSSIL_SPECIMEN,90947
7/26/10,6,HUMAN_OBSERVATION,2203312
7/26/10,6,LITERATURE,49429
7/26/10,6,LIVING_SPECIMEN,354956
7/26/10,6,OBSERVATION,26149578
7/26/10,6,PRESERVED_SPECIMEN,19140299
7/26/10,6,UNKNOWN,17176937
7/26/10,7,FOSSIL_SPECIMEN,531
7/26/10,7,HUMAN_OBSERVATION,755
7/26/10,7,LIVING_SPECIMEN,2565
7/26/10,7,OBSERVATION,123278
7/26/10,7,PRESERVED_SPECIMEN,205644
7/26/10,7,UNKNOWN,12635
7/26/10,8,FOSSIL_SPECIMEN,1
7/26/10,8,LIVING_SPECIMEN,214
7/26/10,8,UNKNOWN,564
11/17/10,0,FOSSIL_SPECIMEN,40427
11/17/10,0,HUMAN_OBSERVATION,54604
11/17/10,0,LITERATURE,74089
11/17/10,0,LIVING_SPECIMEN,1223
11/17/10,0,OBSERVATION,366056
11/17/10,0,PRESERVED_SPECIMEN,216208
11/17/10,0,UNKNOWN,735426
11/17/10,1,FOSSIL_SPECIMEN,912832
11/17/10,1,HUMAN_OBSERVATION,6331108
11/17/10,1,LITERATURE,149792
11/17/10,1,LIVING_SPECIMEN,1548
11/17/10,1,OBSERVATION,112115495
11/17/10,1,PRESERVED_SPECIMEN,30888097
11/17/10,1,UNKNOWN,23691732
11/17/10,2,LIVING_SPECIMEN,403
11/17/10,2,PRESERVED_SPECIMEN,462
11/17/10,2,UNKNOWN,26568
11/17/10,3,FOSSIL_SPECIMEN,652
11/17/10,3,HUMAN_OBSERVATION,1081
11/17/10,3,LIVING_SPECIMEN,29283
11/17/10,3,OBSERVATION,32950
11/17/10,3,PRESERVED_SPECIMEN,126512
11/17/10,3,UNKNOWN,1411029
11/17/10,4,FOSSIL_SPECIMEN,65297
11/17/10,4,HUMAN_OBSERVATION,1223257
11/17/10,4,LITERATURE,46
11/17/10,4,LIVING_SPECIMEN,3778
11/17/10,4,OBSERVATION,1663535
11/17/10,4,PRESERVED_SPECIMEN,225022
11/17/10,4,UNKNOWN,551283
11/17/10,5,FOSSIL_SPECIMEN,305
11/17/10,5,HUMAN_OBSERVATION,89706
11/17/10,5,LITERATURE,1117
11/17/10,5,LIVING_SPECIMEN,101046
11/17/10,5,OBSERVATION,674462
11/17/10,5,PRESERVED_SPECIMEN,2085555
11/17/10,5,UNKNOWN,1583492
11/17/10,6,FOSSIL_SPECIMEN,499391
11/17/10,6,HUMAN_OBSERVATION,3105193
11/17/10,6,LITERATURE,49477
11/17/10,6,LIVING_SPECIMEN,358240
11/17/10,6,OBSERVATION,25898581
11/17/10,6,PRESERVED_SPECIMEN,22016757
11/17/10,6,UNKNOWN,31508782
11/17/10,7,FOSSIL_SPECIMEN,623
11/17/10,7,HUMAN_OBSERVATION,13598
11/17/10,7,LIVING_SPECIMEN,2565
11/17/10,7,OBSERVATION,140906
11/17/10,7,PRESERVED_SPECIMEN,209913
11/17/10,7,UNKNOWN,17353
11/17/10,8,FOSSIL_SPECIMEN,1
11/17/10,8,LIVING_SPECIMEN,214
11/17/10,8,UNKNOWN,564
2/21/11,0,FOSSIL_SPECIMEN,41551
2/21/11,0,HUMAN_OBSERVATION,74860
2/21/11,0,LITERATURE,74089
2/21/11,0,LIVING_SPECIMEN,1229
2/21/11,0,OBSERVATION,387809
2/21/11,0,PRESERVED_SPECIMEN,332050
2/21/11,0,UNKNOWN,738491
2/21/11,1,FOSSIL_SPECIMEN,929542
2/21/11,1,HUMAN_OBSERVATION,9055299
2/21/11,1,LITERATURE,149934
2/21/11,1,LIVING_SPECIMEN,1601
2/21/11,1,OBSERVATION,117895661
2/21/11,1,PRESERVED_SPECIMEN,31465119
2/21/11,1,UNKNOWN,25237043
2/21/11,2,LIVING_SPECIMEN,403
2/21/11,2,PRESERVED_SPECIMEN,462
2/21/11,2,UNKNOWN,26568
2/21/11,3,FOSSIL_SPECIMEN,652
2/21/11,3,HUMAN_OBSERVATION,1081
2/21/11,3,LIVING_SPECIMEN,29287
2/21/11,3,OBSERVATION,32936
2/21/11,3,PRESERVED_SPECIMEN,126590
2/21/11,3,UNKNOWN,1411260
2/21/11,4,FOSSIL_SPECIMEN,65316
2/21/11,4,HUMAN_OBSERVATION,1597050
2/21/11,4,LITERATURE,46
2/21/11,4,LIVING_SPECIMEN,3779
2/21/11,4,OBSERVATION,1658122
2/21/11,4,PRESERVED_SPECIMEN,227163
2/21/11,4,UNKNOWN,570680
2/21/11,5,FOSSIL_SPECIMEN,309
2/21/11,5,HUMAN_OBSERVATION,99802
2/21/11,5,LITERATURE,1117
2/21/11,5,LIVING_SPECIMEN,101044
2/21/11,5,OBSERVATION,674706
2/21/11,5,PRESERVED_SPECIMEN,2218734
2/21/11,5,UNKNOWN,1593635
2/21/11,6,FOSSIL_SPECIMEN,499619
2/21/11,6,HUMAN_OBSERVATION,3415108
2/21/11,6,LITERATURE,49481
2/21/11,6,LIVING_SPECIMEN,409554
2/21/11,6,OBSERVATION,15448364
2/21/11,6,PRESERVED_SPECIMEN,22113637
2/21/11,6,UNKNOWN,31531217
2/21/11,7,FOSSIL_SPECIMEN,624
2/21/11,7,HUMAN_OBSERVATION,13812
2/21/11,7,LIVING_SPECIMEN,2565
2/21/11,7,OBSERVATION,140908
2/21/11,7,PRESERVED_SPECIMEN,204342
2/21/11,7,UNKNOWN,21372
2/21/11,8,FOSSIL_SPECIMEN,1
2/21/11,8,LIVING_SPECIMEN,215
2/21/11,8,UNKNOWN,564
6/10/11,0,FOSSIL_SPECIMEN,40998
6/10/11,0,HUMAN_OBSERVATION,150455
6/10/11,0,LITERATURE,74090
6/10/11,0,LIVING_SPECIMEN,1580
6/10/11,0,OBSERVATION,348778
6/10/11,0,PRESERVED_SPECIMEN,350576
6/10/11,0,UNKNOWN,778442
6/10/11,1,FOSSIL_SPECIMEN,829623
6/10/11,1,HUMAN_OBSERVATION,12099507
6/10/11,1,LITERATURE,149955
6/10/11,1,LIVING_SPECIMEN,1874
6/10/11,1,OBSERVATION,123892413
6/10/11,1,PRESERVED_SPECIMEN,33477585
6/10/11,1,UNKNOWN,28851289
6/10/11,2,LIVING_SPECIMEN,864
6/10/11,2,PRESERVED_SPECIMEN,30
6/10/11,2,UNKNOWN,26569
6/10/11,3,FOSSIL_SPECIMEN,650
6/10/11,3,HUMAN_OBSERVATION,1081
6/10/11,3,LIVING_SPECIMEN,45150
6/10/11,3,OBSERVATION,32684
6/10/11,3,PRESERVED_SPECIMEN,113545
6/10/11,3,UNKNOWN,1413048
6/10/11,4,FOSSIL_SPECIMEN,46957
6/10/11,4,HUMAN_OBSERVATION,2791494
6/10/11,4,LITERATURE,116
6/10/11,4,LIVING_SPECIMEN,3792
6/10/11,4,OBSERVATION,1656895
6/10/11,4,PRESERVED_SPECIMEN,253535
6/10/11,4,UNKNOWN,578483
6/10/11,5,FOSSIL_SPECIMEN,283
6/10/11,5,HUMAN_OBSERVATION,165926
6/10/11,5,LITERATURE,1117
6/10/11,5,LIVING_SPECIMEN,101153
6/10/11,5,OBSERVATION,657573
6/10/11,5,PRESERVED_SPECIMEN,2409756
6/10/11,5,UNKNOWN,1694965
6/10/11,6,FOSSIL_SPECIMEN,467092
6/10/11,6,HUMAN_OBSERVATION,12023452
6/10/11,6,LITERATURE,49455
6/10/11,6,LIVING_SPECIMEN,413230
6/10/11,6,OBSERVATION,13985897
6/10/11,6,PRESERVED_SPECIMEN,23324681
6/10/11,6,UNKNOWN,34813009
6/10/11,7,FOSSIL_SPECIMEN,535
6/10/11,7,HUMAN_OBSERVATION,17649
6/10/11,7,LITERATURE,1
6/10/11,7,LIVING_SPECIMEN,2569
6/10/11,7,OBSERVATION,157597
6/10/11,7,PRESERVED_SPECIMEN,210514
6/10/11,7,UNKNOWN,23104
6/10/11,8,FOSSIL_SPECIMEN,1
6/10/11,8,LIVING_SPECIMEN,215
6/10/11,8,UNKNOWN,564
9/5/11,0,FOSSIL_SPECIMEN,40359
9/5/11,0,HUMAN_OBSERVATION,143287
9/5/11,0,LITERATURE,74133
9/5/11,0,LIVING_SPECIMEN,1239
9/5/11,0,OBSERVATION,805241
9/5/11,0,PRESERVED_SPECIMEN,354682
9/5/11,0,UNKNOWN,789473
9/5/11,1,FOSSIL_SPECIMEN,825309
9/5/11,1,HUMAN_OBSERVATION,12377052
9/5/11,1,LITERATURE,228751
9/5/11,1,LIVING_SPECIMEN,1565
9/5/11,1,OBSERVATION,126519849
9/5/11,1,PRESERVED_SPECIMEN,36864141
9/5/11,1,UNKNOWN,28420614
9/5/11,2,LIVING_SPECIMEN,864
9/5/11,2,PRESERVED_SPECIMEN,27
9/5/11,2,UNKNOWN,26569
9/5/11,3,FOSSIL_SPECIMEN,650
9/5/11,3,HUMAN_OBSERVATION,1097
9/5/11,3,LIVING_SPECIMEN,45487
9/5/11,3,OBSERVATION,34405
9/5/11,3,PRESERVED_SPECIMEN,113779
9/5/11,3,UNKNOWN,1415627
9/5/11,4,FOSSIL_SPECIMEN,46887
9/5/11,4,HUMAN_OBSERVATION,2330893
9/5/11,4,LITERATURE,186
9/5/11,4,LIVING_SPECIMEN,3792
9/5/11,4,OBSERVATION,2446023
9/5/11,4,PRESERVED_SPECIMEN,281577
9/5/11,4,UNKNOWN,613946
9/5/11,5,FOSSIL_SPECIMEN,276
9/5/11,5,HUMAN_OBSERVATION,179413
9/5/11,5,LITERATURE,1108
9/5/11,5,LIVING_SPECIMEN,101153
9/5/11,5,OBSERVATION,657639
9/5/11,5,PRESERVED_SPECIMEN,2450680
9/5/11,5,UNKNOWN,1680457
9/5/11,6,FOSSIL_SPECIMEN,466881
9/5/11,6,HUMAN_OBSERVATION,16001417
9/5/11,6,LITERATURE,54385
9/5/11,6,LIVING_SPECIMEN,413162
9/5/11,6,OBSERVATION,14167881
9/5/11,6,PRESERVED_SPECIMEN,24001884
9/5/11,6,UNKNOWN,34731392
9/5/11,7,FOSSIL_SPECIMEN,548
9/5/11,7,HUMAN_OBSERVATION,17288
9/5/11,7,LIVING_SPECIMEN,2569
9/5/11,7,OBSERVATION,157672
9/5/11,7,PRESERVED_SPECIMEN,213680
9/5/11,7,UNKNOWN,24325
9/5/11,8,FOSSIL_SPECIMEN,1
9/5/11,8,HUMAN_OBSERVATION,55
9/5/11,8,LIVING_SPECIMEN,215
9/5/11,8,UNKNOWN,564
1/18/12,0,FOSSIL_SPECIMEN,41901
1/18/12,0,HUMAN_OBSERVATION,160859
1/18/12,0,LITERATURE,74133
1/18/12,0,LIVING_SPECIMEN,1176
1/18/12,0,OBSERVATION,727615
1/18/12,0,PRESERVED_SPECIMEN,414819
1/18/12,0,UNKNOWN,769412
1/18/12,1,FOSSIL_SPECIMEN,989222
1/18/12,1,HUMAN_OBSERVATION,33282259
1/18/12,1,LITERATURE,228751
1/18/12,1,LIVING_SPECIMEN,1606
1/18/12,1,OBSERVATION,111645598
1/18/12,1,PRESERVED_SPECIMEN,39635195
1/18/12,1,UNKNOWN,27724398
1/18/12,2,LIVING_SPECIMEN,864
1/18/12,2,PRESERVED_SPECIMEN,24
1/18/12,2,UNKNOWN,26569
1/18/12,3,FOSSIL_SPECIMEN,677
1/18/12,3,HUMAN_OBSERVATION,1415
1/18/12,3,LIVING_SPECIMEN,45560
1/18/12,3,OBSERVATION,34395
1/18/12,3,PRESERVED_SPECIMEN,115245
1/18/12,3,UNKNOWN,1415699
1/18/12,4,FOSSIL_SPECIMEN,50231
1/18/12,4,HUMAN_OBSERVATION,2569794
1/18/12,4,LITERATURE,186
1/18/12,4,LIVING_SPECIMEN,3800
1/18/12,4,OBSERVATION,2430689
1/18/12,4,PRESERVED_SPECIMEN,298593
1/18/12,4,UNKNOWN,597965
1/18/12,5,FOSSIL_SPECIMEN,666
1/18/12,5,HUMAN_OBSERVATION,1402164
1/18/12,5,LITERATURE,1108
1/18/12,5,LIVING_SPECIMEN,101327
1/18/12,5,OBSERVATION,622127
1/18/12,5,PRESERVED_SPECIMEN,2626976
1/18/12,5,UNKNOWN,1722868
1/18/12,6,FOSSIL_SPECIMEN,553473
1/18/12,6,HUMAN_OBSERVATION,21674955
1/18/12,6,LITERATURE,54385
1/18/12,6,LIVING_SPECIMEN,536548
1/18/12,6,OBSERVATION,12595527
1/18/12,6,PRESERVED_SPECIMEN,27858485
1/18/12,6,UNKNOWN,34754382
1/18/12,7,FOSSIL_SPECIMEN,659
1/18/12,7,HUMAN_OBSERVATION,22404
1/18/12,7,LIVING_SPECIMEN,3014
1/18/12,7,OBSERVATION,157453
1/18/12,7,PRESERVED_SPECIMEN,238366
1/18/12,7,UNKNOWN,26792
1/18/12,8,FOSSIL_SPECIMEN,1
1/18/12,8,HUMAN_OBSERVATION,55
1/18/12,8,LIVING_SPECIMEN,215
1/18/12,8,UNKNOWN,564
3/26/12,0,FOSSIL_SPECIMEN,44546
3/26/12,0,HUMAN_OBSERVATION,161300
3/26/12,0,LITERATURE,74133
3/26/12,0,LIVING_SPECIMEN,1190
3/26/12,0,OBSERVATION,727582
3/26/12,0,PRESERVED_SPECIMEN,420309
3/26/12,0,UNKNOWN,772276
3/26/12,1,FOSSIL_SPECIMEN,996009
3/26/12,1,HUMAN_OBSERVATION,35001142
3/26/12,1,LITERATURE,228791
3/26/12,1,LIVING_SPECIMEN,1604
3/26/12,1,OBSERVATION,110863965
3/26/12,1,PRESERVED_SPECIMEN,34958079
3/26/12,1,UNKNOWN,27971219
3/26/12,2,LIVING_SPECIMEN,885
3/26/12,2,PRESERVED_SPECIMEN,21
3/26/12,2,UNKNOWN,26777
3/26/12,3,FOSSIL_SPECIMEN,677
3/26/12,3,HUMAN_OBSERVATION,1425
3/26/12,3,LIVING_SPECIMEN,47397
3/26/12,3,OBSERVATION,34395
3/26/12,3,PRESERVED_SPECIMEN,73409
3/26/12,3,UNKNOWN,1583883
3/26/12,4,FOSSIL_SPECIMEN,50237
3/26/12,4,HUMAN_OBSERVATION,2569871
3/26/12,4,LITERATURE,186
3/26/12,4,LIVING_SPECIMEN,3800
3/26/12,4,OBSERVATION,2431249
3/26/12,4,PRESERVED_SPECIMEN,311545
3/26/12,4,UNKNOWN,608096
3/26/12,5,FOSSIL_SPECIMEN,666
3/26/12,5,HUMAN_OBSERVATION,1439566
3/26/12,5,LITERATURE,1108
3/26/12,5,LIVING_SPECIMEN,101351
3/26/12,5,OBSERVATION,622967
3/26/12,5,PRESERVED_SPECIMEN,2577402
3/26/12,5,UNKNOWN,2793013
3/26/12,6,FOSSIL_SPECIMEN,553485
3/26/12,6,HUMAN_OBSERVATION,21889187
3/26/12,6,LITERATURE,54454
3/26/12,6,LIVING_SPECIMEN,536790
3/26/12,6,OBSERVATION,12488402
3/26/12,6,PRESERVED_SPECIMEN,28704365
3/26/12,6,UNKNOWN,34736298
3/26/12,7,FOSSIL_SPECIMEN,672
3/26/12,7,HUMAN_OBSERVATION,22442
3/26/12,7,LIVING_SPECIMEN,2893
3/26/12,7,OBSERVATION,158493
3/26/12,7,PRESERVED_SPECIMEN,217977
3/26/12,7,UNKNOWN,26052
3/26/12,8,FOSSIL_SPECIMEN,1
3/26/12,8,HUMAN_OBSERVATION,55
3/26/12,8,LIVING_SPECIMEN,215
3/26/12,8,UNKNOWN,561
7/13/12,0,FOSSIL_SPECIMEN,44916
7/13/12,0,HUMAN_OBSERVATION,166834
7/13/12,0,LITERATURE,74133
7/13/12,0,LIVING_SPECIMEN,1538
7/13/12,0,OBSERVATION,732355
7/13/12,0,PRESERVED_SPECIMEN,499032
7/13/12,0,UNKNOWN,855698
7/13/12,1,FOSSIL_SPECIMEN,1021041
7/13/12,1,HUMAN_OBSERVATION,40806898
7/13/12,1,LITERATURE,228833
7/13/12,1,LIVING_SPECIMEN,1608
7/13/12,1,OBSERVATION,138046564
7/13/12,1,PRESERVED_SPECIMEN,39046306
7/13/12,1,UNKNOWN,37586935
7/13/12,2,LIVING_SPECIMEN,889
7/13/12,2,PRESERVED_SPECIMEN,24
7/13/12,2,UNKNOWN,26778
7/13/12,3,FOSSIL_SPECIMEN,677
7/13/12,3,HUMAN_OBSERVATION,1430
7/13/12,3,LIVING_SPECIMEN,50597
7/13/12,3,OBSERVATION,34395
7/13/12,3,PRESERVED_SPECIMEN,74064
7/13/12,3,UNKNOWN,1581421
7/13/12,4,FOSSIL_SPECIMEN,52161
7/13/12,4,HUMAN_OBSERVATION,2570009
7/13/12,4,LITERATURE,186
7/13/12,4,LIVING_SPECIMEN,3834
7/13/12,4,OBSERVATION,2421616
7/13/12,4,PRESERVED_SPECIMEN,337670
7/13/12,4,UNKNOWN,610180
7/13/12,5,FOSSIL_SPECIMEN,669
7/13/12,5,HUMAN_OBSERVATION,1491997
7/13/12,5,LITERATURE,1108
7/13/12,5,LIVING_SPECIMEN,103697
7/13/12,5,OBSERVATION,624507
7/13/12,5,PRESERVED_SPECIMEN,2822575
7/13/12,5,UNKNOWN,2923715
7/13/12,6,FOSSIL_SPECIMEN,553537
7/13/12,6,HUMAN_OBSERVATION,26771681
7/13/12,6,LITERATURE,54474
7/13/12,6,LIVING_SPECIMEN,662435
7/13/12,6,OBSERVATION,13846629
7/13/12,6,PRESERVED_SPECIMEN,30499415
7/13/12,6,UNKNOWN,31340497
7/13/12,7,FOSSIL_SPECIMEN,682
7/13/12,7,HUMAN_OBSERVATION,22651
7/13/12,7,LIVING_SPECIMEN,2901
7/13/12,7,OBSERVATION,158493
7/13/12,7,PRESERVED_SPECIMEN,227763
7/13/12,7,UNKNOWN,30305
7/13/12,8,FOSSIL_SPECIMEN,1
7/13/12,8,HUMAN_OBSERVATION,55
7/13/12,8,LIVING_SPECIMEN,750
7/13/12,8,UNKNOWN,56
10/31/12,0,FOSSIL_SPECIMEN,44615
10/31/12,0,HUMAN_OBSERVATION,165860
10/31/12,0,LITERATURE,74132
10/31/12,0,LIVING_SPECIMEN,1599
10/31/12,0,OBSERVATION,729411
10/31/12,0,PRESERVED_SPECIMEN,389293
10/31/12,0,UNKNOWN,871972
10/31/12,1,FOSSIL_SPECIMEN,1060834
10/31/12,1,HUMAN_OBSERVATION,43004893
10/31/12,1,LITERATURE,228863
10/31/12,1,LIVING_SPECIMEN,1647
10/31/12,1,OBSERVATION,141361443
10/31/12,1,PRESERVED_SPECIMEN,39566046
10/31/12,1,UNKNOWN,37937966
10/31/12,2,LIVING_SPECIMEN,897
10/31/12,2,PRESERVED_SPECIMEN,24
10/31/12,2,UNKNOWN,26778
10/31/12,3,FOSSIL_SPECIMEN,677
10/31/12,3,HUMAN_OBSERVATION,1435
10/31/12,3,LIVING_SPECIMEN,51797
10/31/12,3,OBSERVATION,34403
10/31/12,3,PRESERVED_SPECIMEN,74740
10/31/12,3,UNKNOWN,1581469
10/31/12,4,FOSSIL_SPECIMEN,53080
10/31/12,4,HUMAN_OBSERVATION,2570049
10/31/12,4,LITERATURE,186
10/31/12,4,LIVING_SPECIMEN,3839
10/31/12,4,OBSERVATION,2421679
10/31/12,4,PRESERVED_SPECIMEN,339688
10/31/12,4,UNKNOWN,613303
10/31/12,5,FOSSIL_SPECIMEN,566
10/31/12,5,HUMAN_OBSERVATION,1514479
10/31/12,5,LITERATURE,1108
10/31/12,5,LIVING_SPECIMEN,105331
10/31/12,5,OBSERVATION,775597
10/31/12,5,PRESERVED_SPECIMEN,2795925
10/31/12,5,UNKNOWN,2890015
10/31/12,6,FOSSIL_SPECIMEN,553545
10/31/12,6,HUMAN_OBSERVATION,26571775
10/31/12,6,LITERATURE,55638
10/31/12,6,LIVING_SPECIMEN,863277
10/31/12,6,OBSERVATION,13393931
10/31/12,6,PRESERVED_SPECIMEN,32469579
10/31/12,6,UNKNOWN,35758011
10/31/12,7,FOSSIL_SPECIMEN,984
10/31/12,7,HUMAN_OBSERVATION,22907
10/31/12,7,LIVING_SPECIMEN,2902
10/31/12,7,OBSERVATION,159781
10/31/12,7,PRESERVED_SPECIMEN,229828
10/31/12,7,UNKNOWN,30311
10/31/12,8,FOSSIL_SPECIMEN,1
10/31/12,8,HUMAN_OBSERVATION,55
10/31/12,8,LIVING_SPECIMEN,875
10/31/12,8,PRESERVED_SPECIMEN,138
10/31/12,8,UNKNOWN,56
12/11/12,0,FOSSIL_SPECIMEN,46289
12/11/12,0,HUMAN_OBSERVATION,177559
12/11/12,0,LITERATURE,74132
12/11/12,0,LIVING_SPECIMEN,1601
12/11/12,0,MACHINE_OBSERVATION,8
12/11/12,0,OBSERVATION,774783
12/11/12,0,PRESERVED_SPECIMEN,392872
12/11/12,0,UNKNOWN,759580
12/11/12,1,FOSSIL_SPECIMEN,1114416
12/11/12,1,HUMAN_OBSERVATION,20610343
12/11/12,1,LITERATURE,228863
12/11/12,1,LIVING_SPECIMEN,6900
12/11/12,1,MACHINE_OBSERVATION,21842
12/11/12,1,OBSERVATION,158775972
12/11/12,1,PRESERVED_SPECIMEN,39640825
12/11/12,1,UNKNOWN,38495460
12/11/12,2,LIVING_SPECIMEN,897
12/11/12,2,PRESERVED_SPECIMEN,24
12/11/12,2,UNKNOWN,26778
12/11/12,3,FOSSIL_SPECIMEN,677
12/11/12,3,HUMAN_OBSERVATION,2223
12/11/12,3,LIVING_SPECIMEN,51797
12/11/12,3,OBSERVATION,67019
12/11/12,3,PRESERVED_SPECIMEN,73843
12/11/12,3,UNKNOWN,1580389
12/11/12,4,FOSSIL_SPECIMEN,53207
12/11/12,4,HUMAN_OBSERVATION,2565266
12/11/12,4,LITERATURE,186
12/11/12,4,LIVING_SPECIMEN,3839
12/11/12,4,OBSERVATION,2631420
12/11/12,4,PRESERVED_SPECIMEN,313176
12/11/12,4,UNKNOWN,593928
12/11/12,5,FOSSIL_SPECIMEN,589
12/11/12,5,HUMAN_OBSERVATION,272100
12/11/12,5,LITERATURE,1108
12/11/12,5,LIVING_SPECIMEN,105331
12/11/12,5,OBSERVATION,1645493
12/11/12,5,PRESERVED_SPECIMEN,2803288
12/11/12,5,UNKNOWN,2919136
12/11/12,6,FOSSIL_SPECIMEN,553591
12/11/12,6,HUMAN_OBSERVATION,24572985
12/11/12,6,LITERATURE,55638
12/11/12,6,LIVING_SPECIMEN,865404
12/11/12,6,OBSERVATION,17168329
12/11/12,6,PRESERVED_SPECIMEN,33112159
12/11/12,6,UNKNOWN,31271761
12/11/12,7,FOSSIL_SPECIMEN,1001
12/11/12,7,HUMAN_OBSERVATION,20559
12/11/12,7,LIVING_SPECIMEN,2902
12/11/12,7,OBSERVATION,181231
12/11/12,7,PRESERVED_SPECIMEN,234579
12/11/12,7,UNKNOWN,23873
12/11/12,8,FOSSIL_SPECIMEN,1
12/11/12,8,HUMAN_OBSERVATION,56
12/11/12,8,LIVING_SPECIMEN,875
12/11/12,8,PRESERVED_SPECIMEN,143
12/11/12,8,UNKNOWN,56
2/20/13,0,FOSSIL_SPECIMEN,46957
2/20/13,0,HUMAN_OBSERVATION,177676
2/20/13,0,LITERATURE,74132
2/20/13,0,LIVING_SPECIMEN,1671
2/20/13,0,MACHINE_OBSERVATION,8
2/20/13,0,OBSERVATION,751699
2/20/13,0,PRESERVED_SPECIMEN,400999
2/20/13,0,UNKNOWN,793752
2/20/13,1,FOSSIL_SPECIMEN,1135817
2/20/13,1,HUMAN_OBSERVATION,20853000
2/20/13,1,LITERATURE,228863
2/20/13,1,LIVING_SPECIMEN,93027
2/20/13,1,MACHINE_OBSERVATION,21842
2/20/13,1,OBSERVATION,141796747
2/20/13,1,PRESERVED_SPECIMEN,42239022
2/20/13,1,UNKNOWN,62680085
2/20/13,2,HUMAN_OBSERVATION,1
2/20/13,2,LIVING_SPECIMEN,897
2/20/13,2,PRESERVED_SPECIMEN,24
2/20/13,2,UNKNOWN,26777
2/20/13,3,FOSSIL_SPECIMEN,681
2/20/13,3,HUMAN_OBSERVATION,2210
2/20/13,3,LIVING_SPECIMEN,51839
2/20/13,3,OBSERVATION,66901
2/20/13,3,PRESERVED_SPECIMEN,73854
2/20/13,3,UNKNOWN,1580450
2/20/13,4,FOSSIL_SPECIMEN,53541
2/20/13,4,HUMAN_OBSERVATION,2563986
2/20/13,4,LITERATURE,186
2/20/13,4,LIVING_SPECIMEN,3871
2/20/13,4,OBSERVATION,2628837
2/20/13,4,PRESERVED_SPECIMEN,315357
2/20/13,4,UNKNOWN,594700
2/20/13,5,FOSSIL_SPECIMEN,595
2/20/13,5,HUMAN_OBSERVATION,272539
2/20/13,5,LITERATURE,1108
2/20/13,5,LIVING_SPECIMEN,105369
2/20/13,5,OBSERVATION,690826
2/20/13,5,PRESERVED_SPECIMEN,2869074
2/20/13,5,UNKNOWN,4441102
2/20/13,6,FOSSIL_SPECIMEN,550864
2/20/13,6,HUMAN_OBSERVATION,25104611
2/20/13,6,LITERATURE,55638
2/20/13,6,LIVING_SPECIMEN,724851
2/20/13,6,OBSERVATION,13618433
2/20/13,6,PRESERVED_SPECIMEN,34153459
2/20/13,6,UNKNOWN,35892159
2/20/13,7,FOSSIL_SPECIMEN,1251
2/20/13,7,HUMAN_OBSERVATION,20706
2/20/13,7,LIVING_SPECIMEN,2902
2/20/13,7,OBSERVATION,176813
2/20/13,7,PRESERVED_SPECIMEN,235178
2/20/13,7,UNKNOWN,28495
2/20/13,8,FOSSIL_SPECIMEN,1
2/20/13,8,LIVING_SPECIMEN,875
2/20/13,8,PRESERVED_SPECIMEN,147
2/20/13,8,UNKNOWN,56
5/21/13,0,FOSSIL_SPECIMEN,66777
5/21/13,0,HUMAN_OBSERVATION,207132
5/21/13,0,LITERATURE,74132
5/21/13,0,LIVING_SPECIMEN,1666
5/21/13,0,OBSERVATION,751021
5/21/13,0,PRESERVED_SPECIMEN,405403
5/21/13,0,UNKNOWN,742769
5/21/13,1,FOSSIL_SPECIMEN,1110775
5/21/13,1,HUMAN_OBSERVATION,47026670
5/21/13,1,LITERATURE,228863
5/21/13,1,LIVING_SPECIMEN,93027
5/21/13,1,MACHINE_OBSERVATION,16566
5/21/13,1,MATERIAL_SAMPLE,11091
5/21/13,1,OBSERVATION,141758000
5/21/13,1,PRESERVED_SPECIMEN,45059320
5/21/13,1,UNKNOWN,35779626
5/21/13,2,HUMAN_OBSERVATION,1
5/21/13,2,LIVING_SPECIMEN,904
5/21/13,2,PRESERVED_SPECIMEN,24
5/21/13,2,UNKNOWN,26777
5/21/13,3,FOSSIL_SPECIMEN,688
5/21/13,3,HUMAN_OBSERVATION,2365
5/21/13,3,LIVING_SPECIMEN,52345
5/21/13,3,OBSERVATION,66901
5/21/13,3,PRESERVED_SPECIMEN,73854
5/21/13,3,UNKNOWN,1580450
5/21/13,4,FOSSIL_SPECIMEN,503094
5/21/13,4,HUMAN_OBSERVATION,2566023
5/21/13,4,LITERATURE,186
5/21/13,4,LIVING_SPECIMEN,3987
5/21/13,4,OBSERVATION,2628723
5/21/13,4,PRESERVED_SPECIMEN,315480
5/21/13,4,UNKNOWN,588070
5/21/13,5,FOSSIL_SPECIMEN,718
5/21/13,5,HUMAN_OBSERVATION,1845004
5/21/13,5,LITERATURE,1108
5/21/13,5,LIVING_SPECIMEN,105381
5/21/13,5,OBSERVATION,691321
5/21/13,5,PRESERVED_SPECIMEN,2873087
5/21/13,5,UNKNOWN,2538496
5/21/13,6,FOSSIL_SPECIMEN,558298
5/21/13,6,HUMAN_OBSERVATION,30210286
5/21/13,6,LITERATURE,55638
5/21/13,6,LIVING_SPECIMEN,742638
5/21/13,6,OBSERVATION,13581677
5/21/13,6,PRESERVED_SPECIMEN,35581521
5/21/13,6,UNKNOWN,28394032
5/21/13,7,FOSSIL_SPECIMEN,2679
5/21/13,7,HUMAN_OBSERVATION,26232
5/21/13,7,LIVING_SPECIMEN,2902
5/21/13,7,OBSERVATION,176816
5/21/13,7,PRESERVED_SPECIMEN,235209
5/21/13,7,UNKNOWN,21944
5/21/13,8,FOSSIL_SPECIMEN,1
5/21/13,8,LIVING_SPECIMEN,880
5/21/13,8,PRESERVED_SPECIMEN,147
5/21/13,8,UNKNOWN,82
7/9/13,0,FOSSIL_SPECIMEN,79479
7/9/13,0,HUMAN_OBSERVATION,209222
7/9/13,0,LITERATURE,74132
7/9/13,0,LIVING_SPECIMEN,5213
7/9/13,0,OBSERVATION,1218419
7/9/13,0,PRESERVED_SPECIMEN,398941
7/9/13,0,UNKNOWN,354242
7/9/13,1,FOSSIL_SPECIMEN,1390257
7/9/13,1,HUMAN_OBSERVATION,51800381
7/9/13,1,LITERATURE,228813
7/9/13,1,LIVING_SPECIMEN,94622
7/9/13,1,MACHINE_OBSERVATION,18282
7/9/13,1,MATERIAL_SAMPLE,11091
7/9/13,1,OBSERVATION,153053327
7/9/13,1,PRESERVED_SPECIMEN,44868815
7/9/13,1,UNKNOWN,20346773
7/9/13,2,HUMAN_OBSERVATION,1
7/9/13,2,LIVING_SPECIMEN,904
7/9/13,2,PRESERVED_SPECIMEN,24
7/9/13,2,UNKNOWN,26658
7/9/13,3,FOSSIL_SPECIMEN,689
7/9/13,3,HUMAN_OBSERVATION,2368
7/9/13,3,LIVING_SPECIMEN,52417
7/9/13,3,OBSERVATION,67617
7/9/13,3,PRESERVED_SPECIMEN,74021
7/9/13,3,UNKNOWN,1563337
7/9/13,4,FOSSIL_SPECIMEN,503280
7/9/13,4,HUMAN_OBSERVATION,2566287
7/9/13,4,LITERATURE,195
7/9/13,4,LIVING_SPECIMEN,4301
7/9/13,4,OBSERVATION,2759454
7/9/13,4,PRESERVED_SPECIMEN,328669
7/9/13,4,UNKNOWN,458183
7/9/13,5,FOSSIL_SPECIMEN,721
7/9/13,5,HUMAN_OBSERVATION,1870797
7/9/13,5,LITERATURE,1108
7/9/13,5,LIVING_SPECIMEN,144776
7/9/13,5,OBSERVATION,2764626
7/9/13,5,PRESERVED_SPECIMEN,2950132
7/9/13,5,UNKNOWN,460128
7/9/13,6,FOSSIL_SPECIMEN,558587
7/9/13,6,HUMAN_OBSERVATION,33642871
7/9/13,6,LITERATURE,86881
7/9/13,6,LIVING_SPECIMEN,730364
7/9/13,6,OBSERVATION,34244686
7/9/13,6,PRESERVED_SPECIMEN,36309431
7/9/13,6,UNKNOWN,11187553
7/9/13,7,FOSSIL_SPECIMEN,2680
7/9/13,7,HUMAN_OBSERVATION,26309
7/9/13,7,LIVING_SPECIMEN,2922
7/9/13,7,OBSERVATION,177335
7/9/13,7,PRESERVED_SPECIMEN,237576
7/9/13,7,UNKNOWN,18312
7/9/13,8,FOSSIL_SPECIMEN,1
7/9/13,8,LIVING_SPECIMEN,880
7/9/13,8,PRESERVED_SPECIMEN,147
7/9/13,8,UNKNOWN,82
9/10/13,0,FOSSIL_SPECIMEN,79495
9/10/13,0,HUMAN_OBSERVATION,218093
9/10/13,0,LITERATURE,74132
9/10/13,0,LIVING_SPECIMEN,3443
9/10/13,0,MACHINE_OBSERVATION,6212
9/10/13,0,OBSERVATION,1213354
9/10/13,0,PRESERVED_SPECIMEN,396812
9/10/13,0,UNKNOWN,351037
9/10/13,1,FOSSIL_SPECIMEN,1397769
9/10/13,1,HUMAN_OBSERVATION,150971632
9/10/13,1,LITERATURE,228813
9/10/13,1,LIVING_SPECIMEN,70629
9/10/13,1,MACHINE_OBSERVATION,199861
9/10/13,1,MATERIAL_SAMPLE,11091
9/10/13,1,OBSERVATION,63912365
9/10/13,1,PRESERVED_SPECIMEN,45446678
9/10/13,1,UNKNOWN,20165434
9/10/13,2,HUMAN_OBSERVATION,1
9/10/13,2,LIVING_SPECIMEN,904
9/10/13,2,PRESERVED_SPECIMEN,24
9/10/13,2,UNKNOWN,26658
9/10/13,3,FOSSIL_SPECIMEN,690
9/10/13,3,HUMAN_OBSERVATION,2371
9/10/13,3,LIVING_SPECIMEN,52381
9/10/13,3,OBSERVATION,67617
9/10/13,3,PRESERVED_SPECIMEN,73964
9/10/13,3,UNKNOWN,1563437
9/10/13,4,FOSSIL_SPECIMEN,503280
9/10/13,4,HUMAN_OBSERVATION,2590332
9/10/13,4,LITERATURE,195
9/10/13,4,LIVING_SPECIMEN,4144
9/10/13,4,OBSERVATION,2753645
9/10/13,4,PRESERVED_SPECIMEN,323617
9/10/13,4,UNKNOWN,355389
9/10/13,5,FOSSIL_SPECIMEN,721
9/10/13,5,HUMAN_OBSERVATION,1831155
9/10/13,5,LITERATURE,1108
9/10/13,5,LIVING_SPECIMEN,125084
9/10/13,5,OBSERVATION,2763737
9/10/13,5,PRESERVED_SPECIMEN,2895862
9/10/13,5,UNKNOWN,456364
9/10/13,6,FOSSIL_SPECIMEN,558724
9/10/13,6,HUMAN_OBSERVATION,34368798
9/10/13,6,LITERATURE,86881
9/10/13,6,LIVING_SPECIMEN,740578
9/10/13,6,OBSERVATION,34291488
9/10/13,6,PRESERVED_SPECIMEN,35662083
9/10/13,6,UNKNOWN,11184397
9/10/13,7,FOSSIL_SPECIMEN,2680
9/10/13,7,HUMAN_OBSERVATION,26531
9/10/13,7,LIVING_SPECIMEN,2912
9/10/13,7,OBSERVATION,177324
9/10/13,7,PRESERVED_SPECIMEN,227028
9/10/13,7,UNKNOWN,13577
9/10/13,8,FOSSIL_SPECIMEN,1
9/10/13,8,LIVING_SPECIMEN,880
9/10/13,8,PRESERVED_SPECIMEN,147
9/10/13,8,UNKNOWN,108
12/20/13,0,FOSSIL_SPECIMEN,81103
12/20/13,0,HUMAN_OBSERVATION,221763
12/20/13,0,LITERATURE,74132
12/20/13,0,LIVING_SPECIMEN,3360
12/20/13,0,MACHINE_OBSERVATION,6216
12/20/13,0,OBSERVATION,1224580
12/20/13,0,PRESERVED_SPECIMEN,405382
12/20/13,0,UNKNOWN,334942
12/20/13,1,FOSSIL_SPECIMEN,1425910
12/20/13,1,HUMAN_OBSERVATION,158425286
12/20/13,1,LITERATURE,228813
12/20/13,1,LIVING_SPECIMEN,8883
12/20/13,1,MACHINE_OBSERVATION,200105
12/20/13,1,MATERIAL_SAMPLE,11500
12/20/13,1,OBSERVATION,59306907
12/20/13,1,PRESERVED_SPECIMEN,46688169
12/20/13,1,UNKNOWN,19602935
12/20/13,2,HUMAN_OBSERVATION,1
12/20/13,2,LIVING_SPECIMEN,904
12/20/13,2,PRESERVED_SPECIMEN,24
12/20/13,2,UNKNOWN,26629
12/20/13,3,FOSSIL_SPECIMEN,690
12/20/13,3,HUMAN_OBSERVATION,2664
12/20/13,3,LIVING_SPECIMEN,51929
12/20/13,3,OBSERVATION,67609
12/20/13,3,PRESERVED_SPECIMEN,75437
12/20/13,3,UNKNOWN,1549092
12/20/13,4,FOSSIL_SPECIMEN,503295
12/20/13,4,HUMAN_OBSERVATION,2548444
12/20/13,4,LITERATURE,204
12/20/13,4,LIVING_SPECIMEN,4144
12/20/13,4,OBSERVATION,2752727
12/20/13,4,PRESERVED_SPECIMEN,352236
12/20/13,4,UNKNOWN,262099
12/20/13,5,FOSSIL_SPECIMEN,721
12/20/13,5,HUMAN_OBSERVATION,1968122
12/20/13,5,LITERATURE,1108
12/20/13,5,LIVING_SPECIMEN,124224
12/20/13,5,OBSERVATION,2621644
12/20/13,5,PRESERVED_SPECIMEN,2842112
12/20/13,5,UNKNOWN,428334
12/20/13,6,FOSSIL_SPECIMEN,560739
12/20/13,6,HUMAN_OBSERVATION,38538715
12/20/13,6,LITERATURE,94414
12/20/13,6,LIVING_SPECIMEN,577018
12/20/13,6,OBSERVATION,33460229
12/20/13,6,PRESERVED_SPECIMEN,36070044
12/20/13,6,UNKNOWN,7233454
12/20/13,7,FOSSIL_SPECIMEN,2681
12/20/13,7,HUMAN_OBSERVATION,27863
12/20/13,7,LIVING_SPECIMEN,2912
12/20/13,7,OBSERVATION,175526
12/20/13,7,PRESERVED_SPECIMEN,227499
12/20/13,7,UNKNOWN,13489
12/20/13,8,FOSSIL_SPECIMEN,1
12/20/13,8,LIVING_SPECIMEN,878
12/20/13,8,PRESERVED_SPECIMEN,147
12/20/13,8,UNKNOWN,82
3/28/14,0,FOSSIL_SPECIMEN,106955
3/28/14,0,HUMAN_OBSERVATION,264945
3/28/14,0,LITERATURE,74162
3/28/14,0,LIVING_SPECIMEN,3417
3/28/14,0,MACHINE_OBSERVATION,6216
3/28/14,0,OBSERVATION,1230711
3/28/14,0,PRESERVED_SPECIMEN,1271362
3/28/14,0,UNKNOWN,293030
3/28/14,1,FOSSIL_SPECIMEN,1665469
3/28/14,1,HUMAN_OBSERVATION,163777584
3/28/14,1,LITERATURE,228836
3/28/14,1,LIVING_SPECIMEN,9631
3/28/14,1,MACHINE_OBSERVATION,204475
3/28/14,1,MATERIAL_SAMPLE,11500
3/28/14,1,OBSERVATION,60836374
3/28/14,1,PRESERVED_SPECIMEN,50674101
3/28/14,1,UNKNOWN,19552945
3/28/14,2,HUMAN_OBSERVATION,1
3/28/14,2,LIVING_SPECIMEN,956
3/28/14,2,PRESERVED_SPECIMEN,24
3/28/14,2,UNKNOWN,13507
3/28/14,3,FOSSIL_SPECIMEN,689
3/28/14,3,HUMAN_OBSERVATION,2703
3/28/14,3,LIVING_SPECIMEN,60085
3/28/14,3,OBSERVATION,67599
3/28/14,3,PRESERVED_SPECIMEN,78166
3/28/14,3,UNKNOWN,808357
3/28/14,4,FOSSIL_SPECIMEN,540275
3/28/14,4,HUMAN_OBSERVATION,3240362
3/28/14,4,LITERATURE,204
3/28/14,4,LIVING_SPECIMEN,4243
3/28/14,4,MACHINE_OBSERVATION,1
3/28/14,4,OBSERVATION,2752255
3/28/14,4,PRESERVED_SPECIMEN,460822
3/28/14,4,UNKNOWN,157813
3/28/14,5,FOSSIL_SPECIMEN,864
3/28/14,5,HUMAN_OBSERVATION,2028830
3/28/14,5,LITERATURE,1108
3/28/14,5,LIVING_SPECIMEN,124367
3/28/14,5,OBSERVATION,2614862
3/28/14,5,PRESERVED_SPECIMEN,3051972
3/28/14,5,UNKNOWN,431590
3/28/14,6,FOSSIL_SPECIMEN,579500
3/28/14,6,HUMAN_OBSERVATION,41808489
3/28/14,6,LITERATURE,95755
3/28/14,6,LIVING_SPECIMEN,580212
3/28/14,6,OBSERVATION,33006729
3/28/14,6,PRESERVED_SPECIMEN,39650003
3/28/14,6,UNKNOWN,7363931
3/28/14,7,FOSSIL_SPECIMEN,2736
3/28/14,7,HUMAN_OBSERVATION,35887
3/28/14,7,LIVING_SPECIMEN,2916
3/28/14,7,OBSERVATION,174432
3/28/14,7,PRESERVED_SPECIMEN,228764
3/28/14,7,UNKNOWN,10485
3/28/14,8,FOSSIL_SPECIMEN,1
3/28/14,8,LIVING_SPECIMEN,903
3/28/14,8,PRESERVED_SPECIMEN,147
3/28/14,8,UNKNOWN,82
9/8/14,0,FOSSIL_SPECIMEN,157224
9/8/14,0,HUMAN_OBSERVATION,278882
9/8/14,0,LITERATURE,74166
9/8/14,0,LIVING_SPECIMEN,3659
9/8/14,0,MACHINE_OBSERVATION,6872
9/8/14,0,MATERIAL_SAMPLE,5
9/8/14,0,OBSERVATION,1230885
9/8/14,0,PRESERVED_SPECIMEN,647179
9/8/14,0,UNKNOWN,925820
9/8/14,1,FOSSIL_SPECIMEN,1949584
9/8/14,1,HUMAN_OBSERVATION,218298859
9/8/14,1,LITERATURE,381664
9/8/14,1,LIVING_SPECIMEN,9754
9/8/14,1,MACHINE_OBSERVATION,645369
9/8/14,1,MATERIAL_SAMPLE,12826
9/8/14,1,OBSERVATION,60397752
9/8/14,1,PRESERVED_SPECIMEN,49602729
9/8/14,1,UNKNOWN,24632145
9/8/14,2,HUMAN_OBSERVATION,1
9/8/14,2,LIVING_SPECIMEN,956
9/8/14,2,PRESERVED_SPECIMEN,24
9/8/14,2,UNKNOWN,13536
9/8/14,3,FOSSIL_SPECIMEN,747
9/8/14,3,HUMAN_OBSERVATION,2799
9/8/14,3,LIVING_SPECIMEN,60146
9/8/14,3,MACHINE_OBSERVATION,376
9/8/14,3,OBSERVATION,67599
9/8/14,3,PRESERVED_SPECIMEN,32470
9/8/14,3,UNKNOWN,874399
9/8/14,4,FOSSIL_SPECIMEN,550596
9/8/14,4,HUMAN_OBSERVATION,3351329
9/8/14,4,LITERATURE,204
9/8/14,4,LIVING_SPECIMEN,4845
9/8/14,4,MACHINE_OBSERVATION,4417
9/8/14,4,OBSERVATION,2752310
9/8/14,4,PRESERVED_SPECIMEN,380687
9/8/14,4,UNKNOWN,282214
9/8/14,5,FOSSIL_SPECIMEN,916
9/8/14,5,HUMAN_OBSERVATION,2130022
9/8/14,5,LITERATURE,1646
9/8/14,5,LIVING_SPECIMEN,124430
9/8/14,5,MACHINE_OBSERVATION,1
9/8/14,5,OBSERVATION,2638515
9/8/14,5,PRESERVED_SPECIMEN,3564913
9/8/14,5,UNKNOWN,516052
9/8/14,6,FOSSIL_SPECIMEN,592985
9/8/14,6,HUMAN_OBSERVATION,42650557
9/8/14,6,LITERATURE,162402
9/8/14,6,LIVING_SPECIMEN,633187
9/8/14,6,MACHINE_OBSERVATION,32671
9/8/14,6,MATERIAL_SAMPLE,97
9/8/14,6,OBSERVATION,33164246
9/8/14,6,PRESERVED_SPECIMEN,45204808
9/8/14,6,UNKNOWN,8411294
9/8/14,7,FOSSIL_SPECIMEN,2869
9/8/14,7,HUMAN_OBSERVATION,37154
9/8/14,7,LIVING_SPECIMEN,2737
9/8/14,7,MACHINE_OBSERVATION,9
9/8/14,7,OBSERVATION,174446
9/8/14,7,PRESERVED_SPECIMEN,229833
9/8/14,7,UNKNOWN,15136
9/8/14,8,FOSSIL_SPECIMEN,1
9/8/14,8,LIVING_SPECIMEN,903
9/8/14,8,PRESERVED_SPECIMEN,147
9/8/14,8,UNKNOWN,82
1/19/15,0,FOSSIL_SPECIMEN,229658
1/19/15,0,HUMAN_OBSERVATION,296408
1/19/15,0,LITERATURE,74123
1/19/15,0,LIVING_SPECIMEN,3720
1/19/15,0,MACHINE_OBSERVATION,6712
1/19/15,0,MATERIAL_SAMPLE,6
1/19/15,0,OBSERVATION,1236616
1/19/15,0,PRESERVED_SPECIMEN,1023619
1/19/15,0,UNKNOWN,944949
1/19/15,1,FOSSIL_SPECIMEN,2441239
1/19/15,1,HUMAN_OBSERVATION,215782647
1/19/15,1,LITERATURE,268009
1/19/15,1,LIVING_SPECIMEN,9756
1/19/15,1,MACHINE_OBSERVATION,645416
1/19/15,1,MATERIAL_SAMPLE,8521
1/19/15,1,OBSERVATION,71839458
1/19/15,1,PRESERVED_SPECIMEN,46813149
1/19/15,1,UNKNOWN,27688909
1/19/15,2,HUMAN_OBSERVATION,1
1/19/15,2,LIVING_SPECIMEN,962
1/19/15,2,PRESERVED_SPECIMEN,27
1/19/15,2,UNKNOWN,17964
1/19/15,3,FOSSIL_SPECIMEN,771
1/19/15,3,HUMAN_OBSERVATION,3223
1/19/15,3,LIVING_SPECIMEN,60179
1/19/15,3,MACHINE_OBSERVATION,392
1/19/15,3,OBSERVATION,67616
1/19/15,3,PRESERVED_SPECIMEN,34237
1/19/15,3,UNKNOWN,947323
1/19/15,4,FOSSIL_SPECIMEN,560987
1/19/15,4,HUMAN_OBSERVATION,3394877
1/19/15,4,LITERATURE,283
1/19/15,4,LIVING_SPECIMEN,4869
1/19/15,4,MACHINE_OBSERVATION,8871
1/19/15,4,OBSERVATION,2753215
1/19/15,4,PRESERVED_SPECIMEN,362046
1/19/15,4,UNKNOWN,348625
1/19/15,5,FOSSIL_SPECIMEN,916
1/19/15,5,HUMAN_OBSERVATION,2101919
1/19/15,5,LITERATURE,1259
1/19/15,5,LIVING_SPECIMEN,124450
1/19/15,5,MACHINE_OBSERVATION,1
1/19/15,5,OBSERVATION,3131646
1/19/15,5,PRESERVED_SPECIMEN,4055212
1/19/15,5,UNKNOWN,508798
1/19/15,6,FOSSIL_SPECIMEN,677858
1/19/15,6,HUMAN_OBSERVATION,44066468
1/19/15,6,LITERATURE,123169
1/19/15,6,LIVING_SPECIMEN,616667
1/19/15,6,MACHINE_OBSERVATION,34045
1/19/15,6,MATERIAL_SAMPLE,97
1/19/15,6,OBSERVATION,34750121
1/19/15,6,PRESERVED_SPECIMEN,48521919
1/19/15,6,UNKNOWN,9538986
1/19/15,7,FOSSIL_SPECIMEN,3251
1/19/15,7,HUMAN_OBSERVATION,36795
1/19/15,7,LIVING_SPECIMEN,2737
1/19/15,7,MACHINE_OBSERVATION,9
1/19/15,7,OBSERVATION,176801
1/19/15,7,PRESERVED_SPECIMEN,259350
1/19/15,7,UNKNOWN,25982
1/19/15,8,FOSSIL_SPECIMEN,1
1/19/15,8,LIVING_SPECIMEN,903
1/19/15,8,UNKNOWN,440
4/9/15,0,FOSSIL_SPECIMEN,272360
4/9/15,0,HUMAN_OBSERVATION,297381
4/9/15,0,LITERATURE,74123
4/9/15,0,LIVING_SPECIMEN,3713
4/9/15,0,MACHINE_OBSERVATION,6677
4/9/15,0,MATERIAL_SAMPLE,10
4/9/15,0,OBSERVATION,1246243
4/9/15,0,PRESERVED_SPECIMEN,1068981
4/9/15,0,UNKNOWN,945140
4/9/15,1,FOSSIL_SPECIMEN,2655830
4/9/15,1,HUMAN_OBSERVATION,217035169
4/9/15,1,LITERATURE,268009
4/9/15,1,LIVING_SPECIMEN,8543
4/9/15,1,MACHINE_OBSERVATION,646794
4/9/15,1,MATERIAL_SAMPLE,10492
4/9/15,1,OBSERVATION,72847627
4/9/15,1,PRESERVED_SPECIMEN,47380549
4/9/15,1,UNKNOWN,27410013
4/9/15,2,HUMAN_OBSERVATION,1
4/9/15,2,LIVING_SPECIMEN,962
4/9/15,2,PRESERVED_SPECIMEN,27
4/9/15,2,UNKNOWN,17964
4/9/15,3,FOSSIL_SPECIMEN,779
4/9/15,3,HUMAN_OBSERVATION,3229
4/9/15,3,LIVING_SPECIMEN,59803
4/9/15,3,MACHINE_OBSERVATION,392
4/9/15,3,OBSERVATION,76137
4/9/15,3,PRESERVED_SPECIMEN,34420
4/9/15,3,UNKNOWN,947660
4/9/15,4,FOSSIL_SPECIMEN,599089
4/9/15,4,HUMAN_OBSERVATION,3395034
4/9/15,4,LITERATURE,283
4/9/15,4,LIVING_SPECIMEN,4583
4/9/15,4,MACHINE_OBSERVATION,9758
4/9/15,4,OBSERVATION,2808285
4/9/15,4,PRESERVED_SPECIMEN,428890
4/9/15,4,UNKNOWN,363721
4/9/15,5,FOSSIL_SPECIMEN,948
4/9/15,5,HUMAN_OBSERVATION,2546178
4/9/15,5,LITERATURE,1259
4/9/15,5,LIVING_SPECIMEN,124450
4/9/15,5,MACHINE_OBSERVATION,1
4/9/15,5,OBSERVATION,2897643
4/9/15,5,PRESERVED_SPECIMEN,3868110
4/9/15,5,UNKNOWN,510084
4/9/15,6,FOSSIL_SPECIMEN,721233
4/9/15,6,HUMAN_OBSERVATION,44254970
4/9/15,6,LITERATURE,123178
4/9/15,6,LIVING_SPECIMEN,616876
4/9/15,6,MACHINE_OBSERVATION,34046
4/9/15,6,MATERIAL_SAMPLE,98
4/9/15,6,OBSERVATION,34307625
4/9/15,6,PRESERVED_SPECIMEN,48270792
4/9/15,6,UNKNOWN,9587717
4/9/15,7,FOSSIL_SPECIMEN,3520
4/9/15,7,HUMAN_OBSERVATION,40532
4/9/15,7,LIVING_SPECIMEN,2728
4/9/15,7,MACHINE_OBSERVATION,9
4/9/15,7,OBSERVATION,179582
4/9/15,7,PRESERVED_SPECIMEN,261852
4/9/15,7,UNKNOWN,26105
4/9/15,8,FOSSIL_SPECIMEN,1
4/9/15,8,LIVING_SPECIMEN,903
4/9/15,8,UNKNOWN,440
7/3/15,0,FOSSIL_SPECIMEN,234744
7/3/15,0,HUMAN_OBSERVATION,318059
7/3/15,0,LITERATURE,74123
7/3/15,0,LIVING_SPECIMEN,3714
7/3/15,0,MACHINE_OBSERVATION,6677
7/3/15,0,MATERIAL_SAMPLE,10
7/3/15,0,OBSERVATION,1244783
7/3/15,0,PRESERVED_SPECIMEN,1010892
7/3/15,0,UNKNOWN,941490
7/3/15,1,FOSSIL_SPECIMEN,2941259
7/3/15,1,HUMAN_OBSERVATION,231134557
7/3/15,1,LITERATURE,268464
7/3/15,1,LIVING_SPECIMEN,8543
7/3/15,1,MACHINE_OBSERVATION,1387648
7/3/15,1,MATERIAL_SAMPLE,10492
7/3/15,1,OBSERVATION,62792317
7/3/15,1,PRESERVED_SPECIMEN,48254726
7/3/15,1,UNKNOWN,27523206
7/3/15,2,HUMAN_OBSERVATION,1
7/3/15,2,LIVING_SPECIMEN,962
7/3/15,2,PRESERVED_SPECIMEN,27
7/3/15,2,UNKNOWN,17964
7/3/15,3,FOSSIL_SPECIMEN,778
7/3/15,3,HUMAN_OBSERVATION,3312
7/3/15,3,LIVING_SPECIMEN,66189
7/3/15,3,MACHINE_OBSERVATION,392
7/3/15,3,OBSERVATION,76120
7/3/15,3,PRESERVED_SPECIMEN,50169
7/3/15,3,UNKNOWN,947659
7/3/15,4,FOSSIL_SPECIMEN,602942
7/3/15,4,HUMAN_OBSERVATION,3406761
7/3/15,4,LITERATURE,283
7/3/15,4,LIVING_SPECIMEN,4583
7/3/15,4,MACHINE_OBSERVATION,9758
7/3/15,4,OBSERVATION,2808154
7/3/15,4,PRESERVED_SPECIMEN,501937
7/3/15,4,UNKNOWN,367433
7/3/15,5,FOSSIL_SPECIMEN,869
7/3/15,5,HUMAN_OBSERVATION,2963804
7/3/15,5,LITERATURE,1673
7/3/15,5,LIVING_SPECIMEN,124450
7/3/15,5,MACHINE_OBSERVATION,1
7/3/15,5,OBSERVATION,2526537
7/3/15,5,PRESERVED_SPECIMEN,4077906
7/3/15,5,UNKNOWN,517419
7/3/15,6,FOSSIL_SPECIMEN,731864
7/3/15,6,HUMAN_OBSERVATION,49163883
7/3/15,6,LITERATURE,123590
7/3/15,6,LIVING_SPECIMEN,619012
7/3/15,6,MACHINE_OBSERVATION,34046
7/3/15,6,MATERIAL_SAMPLE,98
7/3/15,6,OBSERVATION,31093066
7/3/15,6,PRESERVED_SPECIMEN,53995553
7/3/15,6,UNKNOWN,9808702
7/3/15,7,FOSSIL_SPECIMEN,3783
7/3/15,7,HUMAN_OBSERVATION,43847
7/3/15,7,LIVING_SPECIMEN,2728
7/3/15,7,MACHINE_OBSERVATION,9
7/3/15,7,OBSERVATION,177227
7/3/15,7,PRESERVED_SPECIMEN,300785
7/3/15,7,UNKNOWN,28257
7/3/15,8,FOSSIL_SPECIMEN,1
7/3/15,8,LIVING_SPECIMEN,903
7/3/15,8,PRESERVED_SPECIMEN,4
7/3/15,8,UNKNOWN,440
10/1/15,0,FOSSIL_SPECIMEN,404475
10/1/15,0,HUMAN_OBSERVATION,358669
10/1/15,0,LITERATURE,74123
10/1/15,0,LIVING_SPECIMEN,5110
10/1/15,0,MACHINE_OBSERVATION,6729
10/1/15,0,MATERIAL_SAMPLE,17
10/1/15,0,OBSERVATION,1216952
10/1/15,0,PRESERVED_SPECIMEN,1618535
10/1/15,0,UNKNOWN,280527
10/1/15,1,FOSSIL_SPECIMEN,3958609
10/1/15,1,HUMAN_OBSERVATION,236161784
10/1/15,1,LITERATURE,277177
10/1/15,1,LIVING_SPECIMEN,7877
10/1/15,1,MACHINE_OBSERVATION,1390637
10/1/15,1,MATERIAL_SAMPLE,25834
10/1/15,1,OBSERVATION,60538940
10/1/15,1,PRESERVED_SPECIMEN,53371016
10/1/15,1,UNKNOWN,23957191
10/1/15,2,HUMAN_OBSERVATION,1
10/1/15,2,LIVING_SPECIMEN,962
10/1/15,2,PRESERVED_SPECIMEN,27
10/1/15,2,UNKNOWN,17964
10/1/15,3,FOSSIL_SPECIMEN,1270
10/1/15,3,HUMAN_OBSERVATION,64873
10/1/15,3,LIVING_SPECIMEN,66772
10/1/15,3,MACHINE_OBSERVATION,408
10/1/15,3,OBSERVATION,14591
10/1/15,3,PRESERVED_SPECIMEN,108571
10/1/15,3,UNKNOWN,897897
10/1/15,4,FOSSIL_SPECIMEN,658880
10/1/15,4,HUMAN_OBSERVATION,3989123
10/1/15,4,LITERATURE,283
10/1/15,4,LIVING_SPECIMEN,4583
10/1/15,4,MACHINE_OBSERVATION,11605
10/1/15,4,OBSERVATION,2227069
10/1/15,4,PRESERVED_SPECIMEN,612923
10/1/15,4,UNKNOWN,244995
10/1/15,5,FOSSIL_SPECIMEN,956
10/1/15,5,HUMAN_OBSERVATION,3021140
10/1/15,5,LITERATURE,1673
10/1/15,5,LIVING_SPECIMEN,123116
10/1/15,5,MACHINE_OBSERVATION,1
10/1/15,5,OBSERVATION,2520960
10/1/15,5,PRESERVED_SPECIMEN,4291171
10/1/15,5,UNKNOWN,431667
10/1/15,6,FOSSIL_SPECIMEN,772260
10/1/15,6,HUMAN_OBSERVATION,73315397
10/1/15,6,LITERATURE,123589
10/1/15,6,LIVING_SPECIMEN,619309
10/1/15,6,MACHINE_OBSERVATION,34048
10/1/15,6,MATERIAL_SAMPLE,178
10/1/15,6,OBSERVATION,30277277
10/1/15,6,PRESERVED_SPECIMEN,60408409
10/1/15,6,UNKNOWN,8479469
10/1/15,7,FOSSIL_SPECIMEN,4280
10/1/15,7,HUMAN_OBSERVATION,73691
10/1/15,7,LIVING_SPECIMEN,3046
10/1/15,7,MACHINE_OBSERVATION,9
10/1/15,7,OBSERVATION,147616
10/1/15,7,PRESERVED_SPECIMEN,287317
10/1/15,7,UNKNOWN,22842
10/1/15,8,FOSSIL_SPECIMEN,1
10/1/15,8,HUMAN_OBSERVATION,1
10/1/15,8,LIVING_SPECIMEN,903
10/1/15,8,PRESERVED_SPECIMEN,4
10/1/15,8,UNKNOWN,440
1/4/16,0,FOSSIL_SPECIMEN,408262
1/4/16,0,HUMAN_OBSERVATION,365003
1/4/16,0,LITERATURE,74123
1/4/16,0,LIVING_SPECIMEN,1423
1/4/16,0,MACHINE_OBSERVATION,6872
1/4/16,0,MATERIAL_SAMPLE,57
1/4/16,0,OBSERVATION,1219992
1/4/16,0,PRESERVED_SPECIMEN,1570290
1/4/16,0,UNKNOWN,287389
1/4/16,1,FOSSIL_SPECIMEN,4056847
1/4/16,1,HUMAN_OBSERVATION,299408525
1/4/16,1,LITERATURE,262362
1/4/16,1,LIVING_SPECIMEN,7821
1/4/16,1,MACHINE_OBSERVATION,2836363
1/4/16,1,MATERIAL_SAMPLE,217197
1/4/16,1,OBSERVATION,60903371
1/4/16,1,PRESERVED_SPECIMEN,53801973
1/4/16,1,UNKNOWN,23916961
1/4/16,2,HUMAN_OBSERVATION,1
1/4/16,2,LIVING_SPECIMEN,962
1/4/16,2,PRESERVED_SPECIMEN,27
1/4/16,2,UNKNOWN,17964
1/4/16,3,FOSSIL_SPECIMEN,1270
1/4/16,3,HUMAN_OBSERVATION,65234
1/4/16,3,LIVING_SPECIMEN,66904
1/4/16,3,MACHINE_OBSERVATION,392
1/4/16,3,OBSERVATION,14591
1/4/16,3,PRESERVED_SPECIMEN,99590
1/4/16,3,UNKNOWN,899056
1/4/16,4,FOSSIL_SPECIMEN,659520
1/4/16,4,HUMAN_OBSERVATION,3989642
1/4/16,4,LITERATURE,283
1/4/16,4,LIVING_SPECIMEN,5330
1/4/16,4,MACHINE_OBSERVATION,8870
1/4/16,4,OBSERVATION,2227051
1/4/16,4,PRESERVED_SPECIMEN,585904
1/4/16,4,UNKNOWN,243318
1/4/16,5,FOSSIL_SPECIMEN,957
1/4/16,5,HUMAN_OBSERVATION,3082826
1/4/16,5,LITERATURE,1673
1/4/16,5,LIVING_SPECIMEN,135999
1/4/16,5,MACHINE_OBSERVATION,1
1/4/16,5,MATERIAL_SAMPLE,12
1/4/16,5,OBSERVATION,2433218
1/4/16,5,PRESERVED_SPECIMEN,4260753
1/4/16,5,UNKNOWN,434570
1/4/16,6,FOSSIL_SPECIMEN,773271
1/4/16,6,HUMAN_OBSERVATION,73672833
1/4/16,6,LITERATURE,123589
1/4/16,6,LIVING_SPECIMEN,621999
1/4/16,6,MACHINE_OBSERVATION,33784
1/4/16,6,MATERIAL_SAMPLE,1980
1/4/16,6,OBSERVATION,30183954
1/4/16,6,PRESERVED_SPECIMEN,55734795
1/4/16,6,UNKNOWN,8775228
1/4/16,7,FOSSIL_SPECIMEN,4283
1/4/16,7,HUMAN_OBSERVATION,126413
1/4/16,7,LIVING_SPECIMEN,3047
1/4/16,7,MACHINE_OBSERVATION,9
1/4/16,7,OBSERVATION,137837
1/4/16,7,PRESERVED_SPECIMEN,288123
1/4/16,7,UNKNOWN,22927
1/4/16,8,FOSSIL_SPECIMEN,1
1/4/16,8,HUMAN_OBSERVATION,1
1/4/16,8,LIVING_SPECIMEN,903
1/4/16,8,PRESERVED_SPECIMEN,4
1/4/16,8,UNKNOWN,468
4/5/16,0,FOSSIL_SPECIMEN,509529
4/5/16,0,HUMAN_OBSERVATION,377643
4/5/16,0,LITERATURE,74123
4/5/16,0,LIVING_SPECIMEN,1367
4/5/16,0,MACHINE_OBSERVATION,6879
4/5/16,0,MATERIAL_SAMPLE,19
4/5/16,0,OBSERVATION,1219919
4/5/16,0,PRESERVED_SPECIMEN,1473331
4/5/16,0,UNKNOWN,296479
4/5/16,1,FOSSIL_SPECIMEN,4391432
4/5/16,1,HUMAN_OBSERVATION,311683465
4/5/16,1,LITERATURE,262362
4/5/16,1,LIVING_SPECIMEN,9610
4/5/16,1,MACHINE_OBSERVATION,2852045
4/5/16,1,MATERIAL_SAMPLE,219349
4/5/16,1,OBSERVATION,52477550
4/5/16,1,PRESERVED_SPECIMEN,56282926
4/5/16,1,UNKNOWN,24124893
4/5/16,2,HUMAN_OBSERVATION,1
4/5/16,2,LIVING_SPECIMEN,962
4/5/16,2,PRESERVED_SPECIMEN,27
4/5/16,2,UNKNOWN,17964
4/5/16,3,FOSSIL_SPECIMEN,1303
4/5/16,3,HUMAN_OBSERVATION,67742
4/5/16,3,LIVING_SPECIMEN,67639
4/5/16,3,MACHINE_OBSERVATION,392
4/5/16,3,OBSERVATION,14592
4/5/16,3,PRESERVED_SPECIMEN,102816
4/5/16,3,UNKNOWN,899701
4/5/16,4,FOSSIL_SPECIMEN,690546
4/5/16,4,HUMAN_OBSERVATION,4034869
4/5/16,4,LITERATURE,283
4/5/16,4,LIVING_SPECIMEN,6495
4/5/16,4,MACHINE_OBSERVATION,8870
4/5/16,4,OBSERVATION,2227033
4/5/16,4,PRESERVED_SPECIMEN,586368
4/5/16,4,UNKNOWN,279745
4/5/16,5,FOSSIL_SPECIMEN,1222
4/5/16,5,HUMAN_OBSERVATION,3245782
4/5/16,5,LITERATURE,1673
4/5/16,5,LIVING_SPECIMEN,136002
4/5/16,5,MACHINE_OBSERVATION,1
4/5/16,5,MATERIAL_SAMPLE,12
4/5/16,5,OBSERVATION,2365808
4/5/16,5,PRESERVED_SPECIMEN,4424167
4/5/16,5,UNKNOWN,437885
4/5/16,6,FOSSIL_SPECIMEN,783937
4/5/16,6,HUMAN_OBSERVATION,75625115
4/5/16,6,LITERATURE,126603
4/5/16,6,LIVING_SPECIMEN,625168
4/5/16,6,MACHINE_OBSERVATION,33786
4/5/16,6,MATERIAL_SAMPLE,1980
4/5/16,6,OBSERVATION,29290141
4/5/16,6,PRESERVED_SPECIMEN,57695352
4/5/16,6,UNKNOWN,8891583
4/5/16,7,FOSSIL_SPECIMEN,4414
4/5/16,7,HUMAN_OBSERVATION,128255
4/5/16,7,LIVING_SPECIMEN,3073
4/5/16,7,MACHINE_OBSERVATION,9
4/5/16,7,OBSERVATION,137835
4/5/16,7,PRESERVED_SPECIMEN,289521
4/5/16,7,UNKNOWN,23904
4/5/16,8,FOSSIL_SPECIMEN,1
4/5/16,8,HUMAN_OBSERVATION,1
4/5/16,8,LIVING_SPECIMEN,903
4/5/16,8,PRESERVED_SPECIMEN,4
4/5/16,8,UNKNOWN,468
7/4/16,0,FOSSIL_SPECIMEN,511666
7/4/16,0,HUMAN_OBSERVATION,365549
7/4/16,0,LITERATURE,74124
7/4/16,0,LIVING_SPECIMEN,1367
7/4/16,0,MACHINE_OBSERVATION,6882
7/4/16,0,MATERIAL_SAMPLE,22
7/4/16,0,OBSERVATION,1219555
7/4/16,0,PRESERVED_SPECIMEN,1566047
7/4/16,0,UNKNOWN,293238
7/4/16,1,FOSSIL_SPECIMEN,4445057
7/4/16,1,HUMAN_OBSERVATION,313918869
7/4/16,1,LITERATURE,312534
7/4/16,1,LIVING_SPECIMEN,9608
7/4/16,1,MACHINE_OBSERVATION,2910381
7/4/16,1,MATERIAL_SAMPLE,222684
7/4/16,1,OBSERVATION,52213786
7/4/16,1,PRESERVED_SPECIMEN,56817624
7/4/16,1,UNKNOWN,23488399
7/4/16,2,HUMAN_OBSERVATION,1
7/4/16,2,LIVING_SPECIMEN,962
7/4/16,2,PRESERVED_SPECIMEN,27
7/4/16,2,UNKNOWN,17964
7/4/16,3,FOSSIL_SPECIMEN,1303
7/4/16,3,HUMAN_OBSERVATION,68266
7/4/16,3,LIVING_SPECIMEN,67639
7/4/16,3,MACHINE_OBSERVATION,392
7/4/16,3,OBSERVATION,14592
7/4/16,3,PRESERVED_SPECIMEN,103720
7/4/16,3,UNKNOWN,898739
7/4/16,4,FOSSIL_SPECIMEN,695202
7/4/16,4,HUMAN_OBSERVATION,4040737
7/4/16,4,LITERATURE,283
7/4/16,4,LIVING_SPECIMEN,6495
7/4/16,4,MACHINE_OBSERVATION,8870
7/4/16,4,OBSERVATION,2227033
7/4/16,4,PRESERVED_SPECIMEN,601855
7/4/16,4,UNKNOWN,270828
7/4/16,5,FOSSIL_SPECIMEN,1073
7/4/16,5,HUMAN_OBSERVATION,3342928
7/4/16,5,LITERATURE,1692
7/4/16,5,LIVING_SPECIMEN,136002
7/4/16,5,MACHINE_OBSERVATION,1
7/4/16,5,MATERIAL_SAMPLE,12
7/4/16,5,OBSERVATION,2362441
7/4/16,5,PRESERVED_SPECIMEN,4514598
7/4/16,5,UNKNOWN,415566
7/4/16,6,FOSSIL_SPECIMEN,413607
7/4/16,6,HUMAN_OBSERVATION,75274598
7/4/16,6,LITERATURE,125440
7/4/16,6,LIVING_SPECIMEN,624912
7/4/16,6,MACHINE_OBSERVATION,36993
7/4/16,6,MATERIAL_SAMPLE,2791
7/4/16,6,OBSERVATION,29241653
7/4/16,6,PRESERVED_SPECIMEN,57014080
7/4/16,6,UNKNOWN,11489398
7/4/16,7,FOSSIL_SPECIMEN,4402
7/4/16,7,HUMAN_OBSERVATION,138186
7/4/16,7,LIVING_SPECIMEN,3073
7/4/16,7,MACHINE_OBSERVATION,9
7/4/16,7,OBSERVATION,137821
7/4/16,7,PRESERVED_SPECIMEN,291404
7/4/16,7,UNKNOWN,23468
7/4/16,8,FOSSIL_SPECIMEN,1
7/4/16,8,HUMAN_OBSERVATION,1
7/4/16,8,LIVING_SPECIMEN,903
7/4/16,8,OBSERVATION,15
7/4/16,8,PRESERVED_SPECIMEN,30
7/4/16,8,UNKNOWN,442
10/7/16,0,FOSSIL_SPECIMEN,535695
10/7/16,0,HUMAN_OBSERVATION,380720
10/7/16,0,LITERATURE,74124
10/7/16,0,LIVING_SPECIMEN,1479
10/7/16,0,MACHINE_OBSERVATION,6882
10/7/16,0,MATERIAL_SAMPLE,22
10/7/16,0,OBSERVATION,727341
10/7/16,0,PRESERVED_SPECIMEN,1775443
10/7/16,0,UNKNOWN,283279
10/7/16,1,FOSSIL_SPECIMEN,4928491
10/7/16,1,HUMAN_OBSERVATION,319040722
10/7/16,1,LITERATURE,312380
10/7/16,1,LIVING_SPECIMEN,71154
10/7/16,1,MACHINE_OBSERVATION,2918215
10/7/16,1,MATERIAL_SAMPLE,229295
10/7/16,1,OBSERVATION,29143885
10/7/16,1,PRESERVED_SPECIMEN,57081507
10/7/16,1,UNKNOWN,23027675
10/7/16,2,HUMAN_OBSERVATION,1
10/7/16,2,LIVING_SPECIMEN,962
10/7/16,2,PRESERVED_SPECIMEN,27
10/7/16,2,UNKNOWN,17964
10/7/16,3,FOSSIL_SPECIMEN,1418
10/7/16,3,HUMAN_OBSERVATION,68293
10/7/16,3,LIVING_SPECIMEN,71626
10/7/16,3,MACHINE_OBSERVATION,392
10/7/16,3,OBSERVATION,12477
10/7/16,3,PRESERVED_SPECIMEN,104304
10/7/16,3,UNKNOWN,897399
10/7/16,4,FOSSIL_SPECIMEN,698945
10/7/16,4,HUMAN_OBSERVATION,4027253
10/7/16,4,LITERATURE,283
10/7/16,4,LIVING_SPECIMEN,6990
10/7/16,4,MACHINE_OBSERVATION,8870
10/7/16,4,OBSERVATION,1382503
10/7/16,4,PRESERVED_SPECIMEN,621121
10/7/16,4,UNKNOWN,252532
10/7/16,5,FOSSIL_SPECIMEN,1192
10/7/16,5,HUMAN_OBSERVATION,3287280
10/7/16,5,LITERATURE,1692
10/7/16,5,LIVING_SPECIMEN,153487
10/7/16,5,MACHINE_OBSERVATION,1
10/7/16,5,MATERIAL_SAMPLE,12
10/7/16,5,OBSERVATION,2084981
10/7/16,5,PRESERVED_SPECIMEN,4492375
10/7/16,5,UNKNOWN,405243
10/7/16,6,FOSSIL_SPECIMEN,426404
10/7/16,6,HUMAN_OBSERVATION,81710803
10/7/16,6,LITERATURE,125440
10/7/16,6,LIVING_SPECIMEN,898477
10/7/16,6,MACHINE_OBSERVATION,36993
10/7/16,6,MATERIAL_SAMPLE,2791
10/7/16,6,OBSERVATION,11326474
10/7/16,6,PRESERVED_SPECIMEN,56597931
10/7/16,6,UNKNOWN,14295842
10/7/16,7,FOSSIL_SPECIMEN,4756
10/7/16,7,HUMAN_OBSERVATION,127775
10/7/16,7,LIVING_SPECIMEN,3929
10/7/16,7,MACHINE_OBSERVATION,9
10/7/16,7,OBSERVATION,124772
10/7/16,7,PRESERVED_SPECIMEN,269936
10/7/16,7,UNKNOWN,23314
10/7/16,8,FOSSIL_SPECIMEN,1
10/7/16,8,HUMAN_OBSERVATION,17
10/7/16,8,LIVING_SPECIMEN,903
10/7/16,8,PRESERVED_SPECIMEN,30
10/7/16,8,UNKNOWN,442
12/27/16,0,FOSSIL_SPECIMEN,507792
12/27/16,0,HUMAN_OBSERVATION,403549
12/27/16,0,LITERATURE,74124
12/27/16,0,LIVING_SPECIMEN,2196
12/27/16,0,MACHINE_OBSERVATION,6807
12/27/16,0,MATERIAL_SAMPLE,2680
12/27/16,0,OBSERVATION,707371
12/27/16,0,PRESERVED_SPECIMEN,1063225
12/27/16,0,UNKNOWN,280685
12/27/16,1,FOSSIL_SPECIMEN,4686227
12/27/16,1,HUMAN_OBSERVATION,385415129
12/27/16,1,LITERATURE,312380
12/27/16,1,LIVING_SPECIMEN,84586
12/27/16,1,MACHINE_OBSERVATION,2973267
12/27/16,1,MATERIAL_SAMPLE,296421
12/27/16,1,OBSERVATION,30459427
12/27/16,1,PRESERVED_SPECIMEN,58494416
12/27/16,1,UNKNOWN,24346930
12/27/16,2,HUMAN_OBSERVATION,1
12/27/16,2,LIVING_SPECIMEN,1197
12/27/16,2,PRESERVED_SPECIMEN,26
12/27/16,2,UNKNOWN,17964
12/27/16,3,FOSSIL_SPECIMEN,1463
12/27/16,3,HUMAN_OBSERVATION,67844
12/27/16,3,LIVING_SPECIMEN,76894
12/27/16,3,MACHINE_OBSERVATION,392
12/27/16,3,OBSERVATION,12693
12/27/16,3,PRESERVED_SPECIMEN,106851
12/27/16,3,UNKNOWN,899342
12/27/16,4,FOSSIL_SPECIMEN,700675
12/27/16,4,HUMAN_OBSERVATION,4057446
12/27/16,4,LITERATURE,283
12/27/16,4,LIVING_SPECIMEN,7007
12/27/16,4,MACHINE_OBSERVATION,8876
12/27/16,4,MATERIAL_SAMPLE,5803
12/27/16,4,OBSERVATION,1410407
12/27/16,4,PRESERVED_SPECIMEN,652509
12/27/16,4,UNKNOWN,254713
12/27/16,5,FOSSIL_SPECIMEN,1184
12/27/16,5,HUMAN_OBSERVATION,3304872
12/27/16,5,LITERATURE,1692
12/27/16,5,LIVING_SPECIMEN,154782
12/27/16,5,MACHINE_OBSERVATION,1
12/27/16,5,MATERIAL_SAMPLE,230
12/27/16,5,OBSERVATION,2424812
12/27/16,5,PRESERVED_SPECIMEN,4639592
12/27/16,5,UNKNOWN,461074
12/27/16,6,FOSSIL_SPECIMEN,428684
12/27/16,6,HUMAN_OBSERVATION,86007447
12/27/16,6,LITERATURE,125440
12/27/16,6,LIVING_SPECIMEN,898917
12/27/16,6,MACHINE_OBSERVATION,35267
12/27/16,6,MATERIAL_SAMPLE,10224
12/27/16,6,OBSERVATION,12513877
12/27/16,6,PRESERVED_SPECIMEN,59253833
12/27/16,6,UNKNOWN,14370528
12/27/16,7,FOSSIL_SPECIMEN,4881
12/27/16,7,HUMAN_OBSERVATION,127276
12/27/16,7,LIVING_SPECIMEN,4390
12/27/16,7,MACHINE_OBSERVATION,9
12/27/16,7,OBSERVATION,124785
12/27/16,7,PRESERVED_SPECIMEN,276885
12/27/16,7,UNKNOWN,24187
12/27/16,8,FOSSIL_SPECIMEN,1
12/27/16,8,HUMAN_OBSERVATION,17
12/27/16,8,LIVING_SPECIMEN,903
12/27/16,8,PRESERVED_SPECIMEN,30
12/27/16,8,UNKNOWN,442
4/12/17,0,FOSSIL_SPECIMEN,583993
4/12/17,0,HUMAN_OBSERVATION,408560
4/12/17,0,LITERATURE,74124
4/12/17,0,LIVING_SPECIMEN,2279
4/12/17,0,MACHINE_OBSERVATION,6807
4/12/17,0,MATERIAL_SAMPLE,4236
4/12/17,0,OBSERVATION,707504
4/12/17,0,PRESERVED_SPECIMEN,1445509
4/12/17,0,UNKNOWN,289982
4/12/17,1,FOSSIL_SPECIMEN,4735676
4/12/17,1,HUMAN_OBSERVATION,403351454
4/12/17,1,LITERATURE,302500
4/12/17,1,LIVING_SPECIMEN,83275
4/12/17,1,MACHINE_OBSERVATION,2959126
4/12/17,1,MATERIAL_SAMPLE,303093
4/12/17,1,OBSERVATION,30521631
4/12/17,1,PRESERVED_SPECIMEN,61582590
4/12/17,1,UNKNOWN,25543239
4/12/17,2,HUMAN_OBSERVATION,1
4/12/17,2,LIVING_SPECIMEN,1228
4/12/17,2,PRESERVED_SPECIMEN,31
4/12/17,2,UNKNOWN,17964
4/12/17,3,FOSSIL_SPECIMEN,1536
4/12/17,3,HUMAN_OBSERVATION,69134
4/12/17,3,LIVING_SPECIMEN,77295
4/12/17,3,MACHINE_OBSERVATION,392
4/12/17,3,MATERIAL_SAMPLE,148
4/12/17,3,OBSERVATION,12700
4/12/17,3,PRESERVED_SPECIMEN,99625
4/12/17,3,UNKNOWN,908464
4/12/17,4,FOSSIL_SPECIMEN,701020
4/12/17,4,HUMAN_OBSERVATION,4114634
4/12/17,4,LITERATURE,283
4/12/17,4,LIVING_SPECIMEN,7225
4/12/17,4,MACHINE_OBSERVATION,8876
4/12/17,4,MATERIAL_SAMPLE,27957
4/12/17,4,OBSERVATION,1410762
4/12/17,4,PRESERVED_SPECIMEN,754441
4/12/17,4,UNKNOWN,332245
4/12/17,5,FOSSIL_SPECIMEN,1190
4/12/17,5,HUMAN_OBSERVATION,3564448
4/12/17,5,LITERATURE,1692
4/12/17,5,LIVING_SPECIMEN,155400
4/12/17,5,MACHINE_OBSERVATION,1
4/12/17,5,MATERIAL_SAMPLE,254
4/12/17,5,OBSERVATION,2419147
4/12/17,5,PRESERVED_SPECIMEN,4678302
4/12/17,5,UNKNOWN,501849
4/12/17,6,FOSSIL_SPECIMEN,455686
4/12/17,6,HUMAN_OBSERVATION,92696517
4/12/17,6,LITERATURE,125440
4/12/17,6,LIVING_SPECIMEN,899830
4/12/17,6,MACHINE_OBSERVATION,36062
4/12/17,6,MATERIAL_SAMPLE,11088
4/12/17,6,OBSERVATION,12804966
4/12/17,6,PRESERVED_SPECIMEN,56182559
4/12/17,6,UNKNOWN,16320256
4/12/17,7,FOSSIL_SPECIMEN,4921
4/12/17,7,HUMAN_OBSERVATION,128702
4/12/17,7,LIVING_SPECIMEN,4392
4/12/17,7,MACHINE_OBSERVATION,9
4/12/17,7,MATERIAL_SAMPLE,66
4/12/17,7,OBSERVATION,124770
4/12/17,7,PRESERVED_SPECIMEN,281610
4/12/17,7,UNKNOWN,24691
4/12/17,8,FOSSIL_SPECIMEN,1
4/12/17,8,HUMAN_OBSERVATION,19
4/12/17,8,LIVING_SPECIMEN,903
4/12/17,8,MATERIAL_SAMPLE,38
4/12/17,8,PRESERVED_SPECIMEN,31
4/12/17,8,UNKNOWN,442
7/24/17,0,FOSSIL_SPECIMEN,613969
7/24/17,0,HUMAN_OBSERVATION,368954
7/24/17,0,LITERATURE,74124
7/24/17,0,LIVING_SPECIMEN,5310
7/24/17,0,MACHINE_OBSERVATION,7266
7/24/17,0,MATERIAL_SAMPLE,4265
7/24/17,0,OBSERVATION,675964
7/24/17,0,PRESERVED_SPECIMEN,1389173
7/24/17,0,UNKNOWN,285166
7/24/17,1,FOSSIL_SPECIMEN,4822128
7/24/17,1,HUMAN_OBSERVATION,446522029
7/24/17,1,LITERATURE,302500
7/24/17,1,LIVING_SPECIMEN,84435
7/24/17,1,MACHINE_OBSERVATION,9267266
7/24/17,1,MATERIAL_SAMPLE,314695
7/24/17,1,OBSERVATION,24211014
7/24/17,1,PRESERVED_SPECIMEN,63432934
7/24/17,1,UNKNOWN,18105837
7/24/17,2,HUMAN_OBSERVATION,1
7/24/17,2,LIVING_SPECIMEN,1226
7/24/17,2,PRESERVED_SPECIMEN,31
7/24/17,2,UNKNOWN,17964
7/24/17,3,FOSSIL_SPECIMEN,1539
7/24/17,3,HUMAN_OBSERVATION,76353
7/24/17,3,LIVING_SPECIMEN,77150
7/24/17,3,MACHINE_OBSERVATION,392
7/24/17,3,MATERIAL_SAMPLE,148
7/24/17,3,OBSERVATION,12248
7/24/17,3,PRESERVED_SPECIMEN,108093
7/24/17,3,UNKNOWN,900758
7/24/17,4,FOSSIL_SPECIMEN,700855
7/24/17,4,HUMAN_OBSERVATION,4473772
7/24/17,4,LITERATURE,283
7/24/17,4,LIVING_SPECIMEN,7235
7/24/17,4,MACHINE_OBSERVATION,8876
7/24/17,4,MATERIAL_SAMPLE,27957
7/24/17,4,OBSERVATION,1367026
7/24/17,4,PRESERVED_SPECIMEN,891528
7/24/17,4,UNKNOWN,291778
7/24/17,5,FOSSIL_SPECIMEN,1286
7/24/17,5,HUMAN_OBSERVATION,7462404
7/24/17,5,LITERATURE,1692
7/24/17,5,LIVING_SPECIMEN,155423
7/24/17,5,MACHINE_OBSERVATION,1
7/24/17,5,MATERIAL_SAMPLE,254
7/24/17,5,OBSERVATION,291097
7/24/17,5,PRESERVED_SPECIMEN,4715163
7/24/17,5,UNKNOWN,492473
7/24/17,6,FOSSIL_SPECIMEN,482182
7/24/17,6,HUMAN_OBSERVATION,113233002
7/24/17,6,LITERATURE,125440
7/24/17,6,LIVING_SPECIMEN,1055158
7/24/17,6,MACHINE_OBSERVATION,63266
7/24/17,6,MATERIAL_SAMPLE,11088
7/24/17,6,OBSERVATION,6582616
7/24/17,6,PRESERVED_SPECIMEN,61900466
7/24/17,6,UNKNOWN,11590423
7/24/17,7,FOSSIL_SPECIMEN,4861
7/24/17,7,HUMAN_OBSERVATION,173534
7/24/17,7,LIVING_SPECIMEN,4385
7/24/17,7,MACHINE_OBSERVATION,9
7/24/17,7,MATERIAL_SAMPLE,66
7/24/17,7,OBSERVATION,123926
7/24/17,7,PRESERVED_SPECIMEN,281195
7/24/17,7,UNKNOWN,24679
7/24/17,8,FOSSIL_SPECIMEN,1
7/24/17,8,HUMAN_OBSERVATION,413
7/24/17,8,LIVING_SPECIMEN,903
7/24/17,8,MATERIAL_SAMPLE,38
7/24/17,8,PRESERVED_SPECIMEN,31
7/24/17,8,UNKNOWN,442
10/12/17,0,FOSSIL_SPECIMEN,614465
10/12/17,0,HUMAN_OBSERVATION,794870
10/12/17,0,LITERATURE,245
10/12/17,0,LIVING_SPECIMEN,24163
10/12/17,0,MACHINE_OBSERVATION,46996
10/12/17,0,MATERIAL_SAMPLE,4472
10/12/17,0,OBSERVATION,665864
10/12/17,0,PRESERVED_SPECIMEN,1238926
10/12/17,0,UNKNOWN,481929
10/12/17,1,FOSSIL_SPECIMEN,4876169
10/12/17,1,HUMAN_OBSERVATION,507442352
10/12/17,1,LITERATURE,287353
10/12/17,1,LIVING_SPECIMEN,72685
10/12/17,1,MACHINE_OBSERVATION,9723919
10/12/17,1,MATERIAL_SAMPLE,461720
10/12/17,1,OBSERVATION,20406258
10/12/17,1,PRESERVED_SPECIMEN,62875357
10/12/17,1,UNKNOWN,13349326
10/12/17,2,HUMAN_OBSERVATION,1
10/12/17,2,LIVING_SPECIMEN,1227
10/12/17,2,PRESERVED_SPECIMEN,31
10/12/17,2,UNKNOWN,17964
10/12/17,3,FOSSIL_SPECIMEN,1532
10/12/17,3,HUMAN_OBSERVATION,124087
10/12/17,3,LIVING_SPECIMEN,96472
10/12/17,3,MACHINE_OBSERVATION,392
10/12/17,3,MATERIAL_SAMPLE,148
10/12/17,3,OBSERVATION,12248
10/12/17,3,PRESERVED_SPECIMEN,102657
10/12/17,3,UNKNOWN,893031
10/12/17,4,FOSSIL_SPECIMEN,700933
10/12/17,4,HUMAN_OBSERVATION,4932714
10/12/17,4,LITERATURE,158
10/12/17,4,LIVING_SPECIMEN,7571
10/12/17,4,MACHINE_OBSERVATION,8876
10/12/17,4,MATERIAL_SAMPLE,27957
10/12/17,4,OBSERVATION,1357256
10/12/17,4,PRESERVED_SPECIMEN,1044945
10/12/17,4,UNKNOWN,375188
10/12/17,5,FOSSIL_SPECIMEN,1279
10/12/17,5,HUMAN_OBSERVATION,7653402
10/12/17,5,LITERATURE,971
10/12/17,5,LIVING_SPECIMEN,177155
10/12/17,5,MACHINE_OBSERVATION,1
10/12/17,5,MATERIAL_SAMPLE,2599
10/12/17,5,OBSERVATION,329836
10/12/17,5,PRESERVED_SPECIMEN,4884884
10/12/17,5,UNKNOWN,534129
10/12/17,6,FOSSIL_SPECIMEN,479438
10/12/17,6,HUMAN_OBSERVATION,123324540
10/12/17,6,LITERATURE,206130
10/12/17,6,LIVING_SPECIMEN,1084800
10/12/17,6,MACHINE_OBSERVATION,63266
10/12/17,6,MATERIAL_SAMPLE,11424
10/12/17,6,OBSERVATION,7468970
10/12/17,6,PRESERVED_SPECIMEN,56710909
10/12/17,6,UNKNOWN,15375506
10/12/17,7,FOSSIL_SPECIMEN,4872
10/12/17,7,HUMAN_OBSERVATION,191336
10/12/17,7,LIVING_SPECIMEN,4641
10/12/17,7,MACHINE_OBSERVATION,9
10/12/17,7,MATERIAL_SAMPLE,81
10/12/17,7,OBSERVATION,124134
10/12/17,7,PRESERVED_SPECIMEN,286403
10/12/17,7,UNKNOWN,24211
10/12/17,8,FOSSIL_SPECIMEN,1
10/12/17,8,HUMAN_OBSERVATION,379
10/12/17,8,LIVING_SPECIMEN,960
10/12/17,8,MATERIAL_SAMPLE,38
10/12/17,8,PRESERVED_SPECIMEN,31
10/12/17,8,UNKNOWN,442
12/22/17,0,FOSSIL_SPECIMEN,741116
12/22/17,0,HUMAN_OBSERVATION,823253
12/22/17,0,LITERATURE,233
12/22/17,0,LIVING_SPECIMEN,24196
12/22/17,0,MACHINE_OBSERVATION,46997
12/22/17,0,MATERIAL_SAMPLE,4472
12/22/17,0,OBSERVATION,665837
12/22/17,0,PRESERVED_SPECIMEN,1255346
12/22/17,0,UNKNOWN,474872
12/22/17,1,FOSSIL_SPECIMEN,5939121
12/22/17,1,HUMAN_OBSERVATION,616020244
12/22/17,1,LITERATURE,121735
12/22/17,1,LIVING_SPECIMEN,55479
12/22/17,1,MACHINE_OBSERVATION,9710755
12/22/17,1,MATERIAL_SAMPLE,462051
12/22/17,1,OBSERVATION,19893738
12/22/17,1,PRESERVED_SPECIMEN,63590987
12/22/17,1,UNKNOWN,13181310
12/22/17,2,HUMAN_OBSERVATION,9
12/22/17,2,LIVING_SPECIMEN,1227
12/22/17,2,PRESERVED_SPECIMEN,27
12/22/17,2,UNKNOWN,17964
12/22/17,3,FOSSIL_SPECIMEN,2748
12/22/17,3,HUMAN_OBSERVATION,126053
12/22/17,3,LIVING_SPECIMEN,96552
12/22/17,3,MACHINE_OBSERVATION,392
12/22/17,3,MATERIAL_SAMPLE,148
12/22/17,3,OBSERVATION,12248
12/22/17,3,PRESERVED_SPECIMEN,115110
12/22/17,3,UNKNOWN,892587
12/22/17,4,FOSSIL_SPECIMEN,837336
12/22/17,4,HUMAN_OBSERVATION,4963190
12/22/17,4,LITERATURE,158
12/22/17,4,LIVING_SPECIMEN,7572
12/22/17,4,MACHINE_OBSERVATION,8876
12/22/17,4,MATERIAL_SAMPLE,27957
12/22/17,4,OBSERVATION,1357255
12/22/17,4,PRESERVED_SPECIMEN,989443
12/22/17,4,UNKNOWN,336928
12/22/17,5,FOSSIL_SPECIMEN,1715
12/22/17,5,HUMAN_OBSERVATION,7834622
12/22/17,5,LIVING_SPECIMEN,171541
12/22/17,5,MACHINE_OBSERVATION,1
12/22/17,5,MATERIAL_SAMPLE,2599
12/22/17,5,OBSERVATION,329163
12/22/17,5,PRESERVED_SPECIMEN,5301043
12/22/17,5,UNKNOWN,471083
12/22/17,6,FOSSIL_SPECIMEN,567335
12/22/17,6,HUMAN_OBSERVATION,124570133
12/22/17,6,LITERATURE,140239
12/22/17,6,LIVING_SPECIMEN,1101350
12/22/17,6,MACHINE_OBSERVATION,63267
12/22/17,6,MATERIAL_SAMPLE,11424
12/22/17,6,OBSERVATION,7332375
12/22/17,6,PRESERVED_SPECIMEN,58680633
12/22/17,6,UNKNOWN,15512648
12/22/17,7,FOSSIL_SPECIMEN,5681
12/22/17,7,HUMAN_OBSERVATION,210113
12/22/17,7,LIVING_SPECIMEN,4710
12/22/17,7,MACHINE_OBSERVATION,9
12/22/17,7,MATERIAL_SAMPLE,81
12/22/17,7,OBSERVATION,124133
12/22/17,7,PRESERVED_SPECIMEN,295574
12/22/17,7,UNKNOWN,19907
12/22/17,8,FOSSIL_SPECIMEN,1
12/22/17,8,HUMAN_OBSERVATION,381
12/22/17,8,LIVING_SPECIMEN,960
12/22/17,8,MATERIAL_SAMPLE,38
12/22/17,8,PRESERVED_SPECIMEN,32
12/22/17,8,UNKNOWN,416
4/9/18,0,FOSSIL_SPECIMEN,660954
4/9/18,0,HUMAN_OBSERVATION,873419
4/9/18,0,LITERATURE,192
4/9/18,0,LIVING_SPECIMEN,24264
4/9/18,0,MACHINE_OBSERVATION,47000
4/9/18,0,MATERIAL_SAMPLE,5310
4/9/18,0,OBSERVATION,478578
4/9/18,0,PRESERVED_SPECIMEN,2055276
4/9/18,0,UNKNOWN,414576
4/9/18,1,FOSSIL_SPECIMEN,6099258
4/9/18,1,HUMAN_OBSERVATION,624015787
4/9/18,1,LITERATURE,82129
4/9/18,1,LIVING_SPECIMEN,58554
4/9/18,1,MACHINE_OBSERVATION,10868405
4/9/18,1,MATERIAL_SAMPLE,421154
4/9/18,1,OBSERVATION,14247346
4/9/18,1,PRESERVED_SPECIMEN,67590486
4/9/18,1,UNKNOWN,12407449
4/9/18,2,HUMAN_OBSERVATION,9
4/9/18,2,LIVING_SPECIMEN,1268
4/9/18,2,PRESERVED_SPECIMEN,88
4/9/18,2,UNKNOWN,17964
4/9/18,3,FOSSIL_SPECIMEN,2729
4/9/18,3,HUMAN_OBSERVATION,136054
4/9/18,3,LIVING_SPECIMEN,99160
4/9/18,3,MACHINE_OBSERVATION,392
4/9/18,3,MATERIAL_SAMPLE,148
4/9/18,3,OBSERVATION,2973
4/9/18,3,PRESERVED_SPECIMEN,137095
4/9/18,3,UNKNOWN,884042
4/9/18,4,FOSSIL_SPECIMEN,847838
4/9/18,4,HUMAN_OBSERVATION,4979328
4/9/18,4,LITERATURE,142
4/9/18,4,LIVING_SPECIMEN,7660
4/9/18,4,MACHINE_OBSERVATION,8876
4/9/18,4,MATERIAL_SAMPLE,27957
4/9/18,4,OBSERVATION,986984
4/9/18,4,PRESERVED_SPECIMEN,1087053
4/9/18,4,UNKNOWN,182267
4/9/18,5,FOSSIL_SPECIMEN,1930
4/9/18,5,HUMAN_OBSERVATION,8096814
4/9/18,5,LIVING_SPECIMEN,171040
4/9/18,5,MACHINE_OBSERVATION,8
4/9/18,5,MATERIAL_SAMPLE,2599
4/9/18,5,OBSERVATION,275182
4/9/18,5,PRESERVED_SPECIMEN,5499102
4/9/18,5,UNKNOWN,433368
4/9/18,6,FOSSIL_SPECIMEN,579531
4/9/18,6,HUMAN_OBSERVATION,127642846
4/9/18,6,LITERATURE,145869
4/9/18,6,LIVING_SPECIMEN,1051406
4/9/18,6,MACHINE_OBSERVATION,63424
4/9/18,6,MATERIAL_SAMPLE,16238
4/9/18,6,OBSERVATION,6609254
4/9/18,6,PRESERVED_SPECIMEN,65443762
4/9/18,6,UNKNOWN,11006710
4/9/18,7,FOSSIL_SPECIMEN,5413
4/9/18,7,HUMAN_OBSERVATION,212491
4/9/18,7,LIVING_SPECIMEN,4778
4/9/18,7,MACHINE_OBSERVATION,9
4/9/18,7,MATERIAL_SAMPLE,66
4/9/18,7,OBSERVATION,117142
4/9/18,7,PRESERVED_SPECIMEN,305305
4/9/18,7,UNKNOWN,19158
4/9/18,8,FOSSIL_SPECIMEN,1
4/9/18,8,HUMAN_OBSERVATION,382
4/9/18,8,LIVING_SPECIMEN,960
4/9/18,8,MATERIAL_SAMPLE,38
4/9/18,8,PRESERVED_SPECIMEN,32
4/9/18,8,UNKNOWN,416
7/11/18,0,FOSSIL_SPECIMEN,794355
7/11/18,0,HUMAN_OBSERVATION,825722
7/11/18,0,LITERATURE,192
7/11/18,0,LIVING_SPECIMEN,24520
7/11/18,0,MACHINE_OBSERVATION,47126
7/11/18,0,MATERIAL_SAMPLE,5722
7/11/18,0,OBSERVATION,478623
7/11/18,0,PRESERVED_SPECIMEN,2352729
7/11/18,0,UNKNOWN,413319
7/11/18,1,FOSSIL_SPECIMEN,6180190
7/11/18,1,HUMAN_OBSERVATION,640010432
7/11/18,1,LITERATURE,82129
7/11/18,1,LIVING_SPECIMEN,57859
7/11/18,1,MACHINE_OBSERVATION,10877342
7/11/18,1,MATERIAL_SAMPLE,433235
7/11/18,1,OBSERVATION,13284286
7/11/18,1,PRESERVED_SPECIMEN,68744677
7/11/18,1,UNKNOWN,11653207
7/11/18,2,HUMAN_OBSERVATION,9
7/11/18,2,LIVING_SPECIMEN,1274
7/11/18,2,PRESERVED_SPECIMEN,88
7/11/18,2,UNKNOWN,17964
7/11/18,3,FOSSIL_SPECIMEN,2730
7/11/18,3,HUMAN_OBSERVATION,145251
7/11/18,3,LIVING_SPECIMEN,99354
7/11/18,3,MACHINE_OBSERVATION,392
7/11/18,3,MATERIAL_SAMPLE,148
7/11/18,3,OBSERVATION,2831
7/11/18,3,PRESERVED_SPECIMEN,141739
7/11/18,3,UNKNOWN,884043
7/11/18,4,FOSSIL_SPECIMEN,2218010
7/11/18,4,HUMAN_OBSERVATION,5209130
7/11/18,4,LITERATURE,142
7/11/18,4,LIVING_SPECIMEN,7660
7/11/18,4,MACHINE_OBSERVATION,8876
7/11/18,4,MATERIAL_SAMPLE,27957
7/11/18,4,OBSERVATION,976266
7/11/18,4,PRESERVED_SPECIMEN,1092519
7/11/18,4,UNKNOWN,182264
7/11/18,5,FOSSIL_SPECIMEN,8676
7/11/18,5,HUMAN_OBSERVATION,8216207
7/11/18,5,LIVING_SPECIMEN,168801
7/11/18,5,MACHINE_OBSERVATION,22
7/11/18,5,MATERIAL_SAMPLE,2623
7/11/18,5,OBSERVATION,275183
7/11/18,5,PRESERVED_SPECIMEN,5841065
7/11/18,5,UNKNOWN,431616
7/11/18,6,FOSSIL_SPECIMEN,673059
7/11/18,6,HUMAN_OBSERVATION,138387273
7/11/18,6,LITERATURE,147452
7/11/18,6,LIVING_SPECIMEN,1030141
7/11/18,6,MACHINE_OBSERVATION,69881
7/11/18,6,MATERIAL_SAMPLE,21742
7/11/18,6,OBSERVATION,6604448
7/11/18,6,PRESERVED_SPECIMEN,68081330
7/11/18,6,UNKNOWN,11008388
7/11/18,7,FOSSIL_SPECIMEN,23502
7/11/18,7,HUMAN_OBSERVATION,230076
7/11/18,7,LIVING_SPECIMEN,4797
7/11/18,7,MACHINE_OBSERVATION,12
7/11/18,7,MATERIAL_SAMPLE,77
7/11/18,7,OBSERVATION,116832
7/11/18,7,PRESERVED_SPECIMEN,329124
7/11/18,7,UNKNOWN,19158
7/11/18,8,FOSSIL_SPECIMEN,1
7/11/18,8,HUMAN_OBSERVATION,386
7/11/18,8,LIVING_SPECIMEN,961
7/11/18,8,MATERIAL_SAMPLE,38
7/11/18,8,PRESERVED_SPECIMEN,32
7/11/18,8,UNKNOWN,416
9/28/18,0,FOSSIL_SPECIMEN,844397
9/28/18,0,HUMAN_OBSERVATION,925200
9/28/18,0,LITERATURE,191
9/28/18,0,LIVING_SPECIMEN,24523
9/28/18,0,MACHINE_OBSERVATION,47616
9/28/18,0,MATERIAL_SAMPLE,4758
9/28/18,0,OBSERVATION,477855
9/28/18,0,PRESERVED_SPECIMEN,2580533
9/28/18,0,UNKNOWN,394632
9/28/18,1,FOSSIL_SPECIMEN,6223165
9/28/18,1,HUMAN_OBSERVATION,645096242
9/28/18,1,LITERATURE,52591
9/28/18,1,LIVING_SPECIMEN,57924
9/28/18,1,MACHINE_OBSERVATION,10880172
9/28/18,1,MATERIAL_SAMPLE,338293
9/28/18,1,OBSERVATION,13126921
9/28/18,1,PRESERVED_SPECIMEN,70251510
9/28/18,1,UNKNOWN,10912596
9/28/18,2,HUMAN_OBSERVATION,9
9/28/18,2,LIVING_SPECIMEN,1274
9/28/18,2,PRESERVED_SPECIMEN,88
9/28/18,2,UNKNOWN,17964
9/28/18,3,FOSSIL_SPECIMEN,2751
9/28/18,3,HUMAN_OBSERVATION,145671
9/28/18,3,LIVING_SPECIMEN,99369
9/28/18,3,MACHINE_OBSERVATION,462
9/28/18,3,MATERIAL_SAMPLE,148
9/28/18,3,OBSERVATION,2831
9/28/18,3,PRESERVED_SPECIMEN,142375
9/28/18,3,UNKNOWN,882727
9/28/18,4,FOSSIL_SPECIMEN,2164807
9/28/18,4,HUMAN_OBSERVATION,5278702
9/28/18,4,LITERATURE,18
9/28/18,4,LIVING_SPECIMEN,7665
9/28/18,4,MACHINE_OBSERVATION,8938
9/28/18,4,MATERIAL_SAMPLE,27957
9/28/18,4,OBSERVATION,975659
9/28/18,4,PRESERVED_SPECIMEN,1113852
9/28/18,4,UNKNOWN,179630
9/28/18,5,FOSSIL_SPECIMEN,9909
9/28/18,5,HUMAN_OBSERVATION,8319788
9/28/18,5,LIVING_SPECIMEN,168958
9/28/18,5,MACHINE_OBSERVATION,22
9/28/18,5,MATERIAL_SAMPLE,32713
9/28/18,5,OBSERVATION,274180
9/28/18,5,PRESERVED_SPECIMEN,5932964
9/28/18,5,UNKNOWN,425472
9/28/18,6,FOSSIL_SPECIMEN,743056
9/28/18,6,HUMAN_OBSERVATION,140840150
9/28/18,6,LITERATURE,149997
9/28/18,6,LIVING_SPECIMEN,1046387
9/28/18,6,MACHINE_OBSERVATION,69881
9/28/18,6,MATERIAL_SAMPLE,31397
9/28/18,6,OBSERVATION,6441082
9/28/18,6,PRESERVED_SPECIMEN,68656554
9/28/18,6,UNKNOWN,10835584
9/28/18,7,FOSSIL_SPECIMEN,23543
9/28/18,7,HUMAN_OBSERVATION,208281
9/28/18,7,LIVING_SPECIMEN,4783
9/28/18,7,MACHINE_OBSERVATION,12
9/28/18,7,MATERIAL_SAMPLE,77
9/28/18,7,OBSERVATION,116831
9/28/18,7,PRESERVED_SPECIMEN,314999
9/28/18,7,UNKNOWN,19042
9/28/18,8,FOSSIL_SPECIMEN,1
9/28/18,8,HUMAN_OBSERVATION,37
9/28/18,8,LIVING_SPECIMEN,961
9/28/18,8,MATERIAL_SAMPLE,38
9/28/18,8,PRESERVED_SPECIMEN,32
9/28/18,8,UNKNOWN,416
1/1/19,0,FOSSIL_SPECIMEN,847587
1/1/19,0,HUMAN_OBSERVATION,1074428
1/1/19,0,LITERATURE,199
1/1/19,0,LIVING_SPECIMEN,25893
1/1/19,0,MACHINE_OBSERVATION,26575
1/1/19,0,MATERIAL_SAMPLE,967100
1/1/19,0,OBSERVATION,475175
1/1/19,0,PRESERVED_SPECIMEN,2812191
1/1/19,0,UNKNOWN,230831
1/1/19,1,FOSSIL_SPECIMEN,6219270
1/1/19,1,HUMAN_OBSERVATION,675044068
1/1/19,1,LITERATURE,52591
1/1/19,1,LIVING_SPECIMEN,62570
1/1/19,1,MACHINE_OBSERVATION,10919326
1/1/19,1,MATERIAL_SAMPLE,1209390
1/1/19,1,OBSERVATION,12490775
1/1/19,1,PRESERVED_SPECIMEN,74471284
1/1/19,1,UNKNOWN,6693421
1/1/19,2,HUMAN_OBSERVATION,9
1/1/19,2,LIVING_SPECIMEN,1314
1/1/19,2,MATERIAL_SAMPLE,3195
1/1/19,2,PRESERVED_SPECIMEN,108
1/1/19,2,UNKNOWN,13535
1/1/19,3,FOSSIL_SPECIMEN,2751
1/1/19,3,HUMAN_OBSERVATION,135084
1/1/19,3,LIVING_SPECIMEN,102739
1/1/19,3,MACHINE_OBSERVATION,462
1/1/19,3,MATERIAL_SAMPLE,133298
1/1/19,3,OBSERVATION,2830
1/1/19,3,PRESERVED_SPECIMEN,156988
1/1/19,3,UNKNOWN,808411
1/1/19,4,FOSSIL_SPECIMEN,1203014
1/1/19,4,HUMAN_OBSERVATION,5889040
1/1/19,4,LITERATURE,18
1/1/19,4,LIVING_SPECIMEN,9781
1/1/19,4,MACHINE_OBSERVATION,9391
1/1/19,4,MATERIAL_SAMPLE,58389
1/1/19,4,OBSERVATION,780543
1/1/19,4,PRESERVED_SPECIMEN,1125518
1/1/19,4,UNKNOWN,108978
1/1/19,5,FOSSIL_SPECIMEN,3502
1/1/19,5,HUMAN_OBSERVATION,9133716
1/1/19,5,LIVING_SPECIMEN,169354
1/1/19,5,MACHINE_OBSERVATION,22
1/1/19,5,MATERIAL_SAMPLE,179439
1/1/19,5,OBSERVATION,233996
1/1/19,5,PRESERVED_SPECIMEN,5951950
1/1/19,5,UNKNOWN,349096
1/1/19,6,FOSSIL_SPECIMEN,721111
1/1/19,6,HUMAN_OBSERVATION,158616801
1/1/19,6,LITERATURE,168002
1/1/19,6,LIVING_SPECIMEN,1056871
1/1/19,6,MACHINE_OBSERVATION,69981
1/1/19,6,MATERIAL_SAMPLE,3259288
1/1/19,6,OBSERVATION,5553125
1/1/19,6,PRESERVED_SPECIMEN,70465039
1/1/19,6,UNKNOWN,8910270
1/1/19,7,FOSSIL_SPECIMEN,14540
1/1/19,7,HUMAN_OBSERVATION,226544
1/1/19,7,LIVING_SPECIMEN,4790
1/1/19,7,MACHINE_OBSERVATION,12
1/1/19,7,MATERIAL_SAMPLE,2106
1/1/19,7,OBSERVATION,116411
1/1/19,7,PRESERVED_SPECIMEN,309958
1/1/19,7,UNKNOWN,7548
1/1/19,8,FOSSIL_SPECIMEN,1
1/1/19,8,HUMAN_OBSERVATION,40
1/1/19,8,LIVING_SPECIMEN,1085
1/1/19,8,MATERIAL_SAMPLE,31917
1/1/19,8,PRESERVED_SPECIMEN,731
1/1/19,8,UNKNOWN,28
4/6/19,0,FOSSIL_SPECIMEN,805762
4/6/19,0,HUMAN_OBSERVATION,1099968
4/6/19,0,LITERATURE,199
4/6/19,0,LIVING_SPECIMEN,26065
4/6/19,0,MACHINE_OBSERVATION,27828
4/6/19,0,MATERIAL_SAMPLE,1917249
4/6/19,0,OBSERVATION,475198
4/6/19,0,PRESERVED_SPECIMEN,3032087
4/6/19,0,UNKNOWN,232565
4/6/19,1,FOSSIL_SPECIMEN,6115574
4/6/19,1,HUMAN_OBSERVATION,882166953
4/6/19,1,LITERATURE,52591
4/6/19,1,LIVING_SPECIMEN,264414
4/6/19,1,MACHINE_OBSERVATION,11499339
4/6/19,1,MATERIAL_SAMPLE,4534825
4/6/19,1,OBSERVATION,12490769
4/6/19,1,PRESERVED_SPECIMEN,75731016
4/6/19,1,UNKNOWN,6810512
4/6/19,2,HUMAN_OBSERVATION,9
4/6/19,2,LIVING_SPECIMEN,1314
4/6/19,2,MATERIAL_SAMPLE,164057
4/6/19,2,PRESERVED_SPECIMEN,108
4/6/19,2,UNKNOWN,13535
4/6/19,3,FOSSIL_SPECIMEN,2752
4/6/19,3,HUMAN_OBSERVATION,138192
4/6/19,3,LIVING_SPECIMEN,103096
4/6/19,3,MACHINE_OBSERVATION,462
4/6/19,3,MATERIAL_SAMPLE,8476704
4/6/19,3,OBSERVATION,2830
4/6/19,3,PRESERVED_SPECIMEN,159869
4/6/19,3,UNKNOWN,808419
4/6/19,4,FOSSIL_SPECIMEN,1212561
4/6/19,4,HUMAN_OBSERVATION,5638186
4/6/19,4,LITERATURE,18
4/6/19,4,LIVING_SPECIMEN,9912
4/6/19,4,MACHINE_OBSERVATION,9391
4/6/19,4,MATERIAL_SAMPLE,2025996
4/6/19,4,OBSERVATION,780524
4/6/19,4,PRESERVED_SPECIMEN,1262223
4/6/19,4,UNKNOWN,118375
4/6/19,5,FOSSIL_SPECIMEN,3117
4/6/19,5,HUMAN_OBSERVATION,9246677
4/6/19,5,LIVING_SPECIMEN,169495
4/6/19,5,MACHINE_OBSERVATION,22
4/6/19,5,MATERIAL_SAMPLE,416823
4/6/19,5,OBSERVATION,233996
4/6/19,5,PRESERVED_SPECIMEN,6533954
4/6/19,5,UNKNOWN,352512
4/6/19,6,FOSSIL_SPECIMEN,681480
4/6/19,6,HUMAN_OBSERVATION,161099191
4/6/19,6,LITERATURE,168009
4/6/19,6,LIVING_SPECIMEN,1070008
4/6/19,6,MACHINE_OBSERVATION,70060
4/6/19,6,MATERIAL_SAMPLE,3606175
4/6/19,6,OBSERVATION,5553201
4/6/19,6,PRESERVED_SPECIMEN,73969078
4/6/19,6,UNKNOWN,8645291
4/6/19,7,FOSSIL_SPECIMEN,15371
4/6/19,7,HUMAN_OBSERVATION,240570
4/6/19,7,LIVING_SPECIMEN,4792
4/6/19,7,MACHINE_OBSERVATION,12
4/6/19,7,MATERIAL_SAMPLE,337709
4/6/19,7,OBSERVATION,116409
4/6/19,7,PRESERVED_SPECIMEN,313605
4/6/19,7,UNKNOWN,7633
4/6/19,8,FOSSIL_SPECIMEN,1
4/6/19,8,HUMAN_OBSERVATION,44
4/6/19,8,LIVING_SPECIMEN,1085
4/6/19,8,MATERIAL_SAMPLE,34360
4/6/19,8,PRESERVED_SPECIMEN,741
4/6/19,8,UNKNOWN,28
7/1/19,0,FOSSIL_SPECIMEN,849151
7/1/19,0,HUMAN_OBSERVATION,1101700
7/1/19,0,LITERATURE,199
7/1/19,0,LIVING_SPECIMEN,25931
7/1/19,0,MACHINE_OBSERVATION,27890
7/1/19,0,MATERIAL_SAMPLE,1917964
7/1/19,0,OBSERVATION,475198
7/1/19,0,PRESERVED_SPECIMEN,3068837
7/1/19,0,UNKNOWN,225875
7/1/19,1,FOSSIL_SPECIMEN,6249171
7/1/19,1,HUMAN_OBSERVATION,903604339
7/1/19,1,LITERATURE,52591
7/1/19,1,LIVING_SPECIMEN,264272
7/1/19,1,MACHINE_OBSERVATION,11518714
7/1/19,1,MATERIAL_SAMPLE,2492436
7/1/19,1,OBSERVATION,12471592
7/1/19,1,PRESERVED_SPECIMEN,75797931
7/1/19,1,UNKNOWN,11514544
7/1/19,2,HUMAN_OBSERVATION,9
7/1/19,2,LIVING_SPECIMEN,1319
7/1/19,2,MATERIAL_SAMPLE,164297
7/1/19,2,PRESERVED_SPECIMEN,109
7/1/19,2,UNKNOWN,13535
7/1/19,3,FOSSIL_SPECIMEN,2927
7/1/19,3,HUMAN_OBSERVATION,138809
7/1/19,3,LIVING_SPECIMEN,104227
7/1/19,3,MACHINE_OBSERVATION,462
7/1/19,3,MATERIAL_SAMPLE,8480418
7/1/19,3,OBSERVATION,2830
7/1/19,3,PRESERVED_SPECIMEN,160364
7/1/19,3,UNKNOWN,808412
7/1/19,4,FOSSIL_SPECIMEN,1296494
7/1/19,4,HUMAN_OBSERVATION,5551003
7/1/19,4,LITERATURE,18
7/1/19,4,LIVING_SPECIMEN,9946
7/1/19,4,MACHINE_OBSERVATION,9420
7/1/19,4,MATERIAL_SAMPLE,2031176
7/1/19,4,OBSERVATION,780524
7/1/19,4,PRESERVED_SPECIMEN,1419585
7/1/19,4,UNKNOWN,123516
7/1/19,5,FOSSIL_SPECIMEN,3172
7/1/19,5,HUMAN_OBSERVATION,9319315
7/1/19,5,LIVING_SPECIMEN,169746
7/1/19,5,MACHINE_OBSERVATION,23
7/1/19,5,MATERIAL_SAMPLE,424420
7/1/19,5,OBSERVATION,233996
7/1/19,5,PRESERVED_SPECIMEN,6933938
7/1/19,5,UNKNOWN,478386
7/1/19,6,FOSSIL_SPECIMEN,766053
7/1/19,6,HUMAN_OBSERVATION,162765560
7/1/19,6,LITERATURE,168006
7/1/19,6,LIVING_SPECIMEN,1064929
7/1/19,6,MACHINE_OBSERVATION,70565
7/1/19,6,MATERIAL_SAMPLE,3613848
7/1/19,6,OBSERVATION,5550176
7/1/19,6,PRESERVED_SPECIMEN,73711635
7/1/19,6,UNKNOWN,9060945
7/1/19,7,FOSSIL_SPECIMEN,19819
7/1/19,7,HUMAN_OBSERVATION,237543
7/1/19,7,LIVING_SPECIMEN,4803
7/1/19,7,MACHINE_OBSERVATION,13
7/1/19,7,MATERIAL_SAMPLE,337954
7/1/19,7,OBSERVATION,116409
7/1/19,7,PRESERVED_SPECIMEN,319844
7/1/19,7,UNKNOWN,7699
7/1/19,8,FOSSIL_SPECIMEN,1
7/1/19,8,HUMAN_OBSERVATION,689
7/1/19,8,LIVING_SPECIMEN,1090
7/1/19,8,MATERIAL_SAMPLE,35221
7/1/19,8,PRESERVED_SPECIMEN,741
7/1/19,8,UNKNOWN,28
10/9/19,0,FOSSIL_SPECIMEN,829814
10/9/19,0,HUMAN_OBSERVATION,1306525
10/9/19,0,LITERATURE,216
10/9/19,0,LIVING_SPECIMEN,26012
10/9/19,0,MACHINE_OBSERVATION,27898
10/9/19,0,MATERIAL_SAMPLE,1916695
10/9/19,0,OBSERVATION,475206
10/9/19,0,PRESERVED_SPECIMEN,2623665
10/9/19,0,UNKNOWN,220196
10/9/19,1,FOSSIL_SPECIMEN,5711020
10/9/19,1,HUMAN_OBSERVATION,913688985
10/9/19,1,LITERATURE,52591
10/9/19,1,LIVING_SPECIMEN,264453
10/9/19,1,MACHINE_OBSERVATION,11565195
10/9/19,1,MATERIAL_SAMPLE,2530930
10/9/19,1,OBSERVATION,12442204
10/9/19,1,PRESERVED_SPECIMEN,76900387
10/9/19,1,UNKNOWN,11515822
10/9/19,2,HUMAN_OBSERVATION,9
10/9/19,2,LIVING_SPECIMEN,1319
10/9/19,2,MATERIAL_SAMPLE,164235
10/9/19,2,PRESERVED_SPECIMEN,109
10/9/19,2,UNKNOWN,13535
10/9/19,3,FOSSIL_SPECIMEN,2300
10/9/19,3,HUMAN_OBSERVATION,177674
10/9/19,3,LIVING_SPECIMEN,105396
10/9/19,3,MACHINE_OBSERVATION,462
10/9/19,3,MATERIAL_SAMPLE,8488393
10/9/19,3,OBSERVATION,2834
10/9/19,3,PRESERVED_SPECIMEN,163036
10/9/19,3,UNKNOWN,808412
10/9/19,4,FOSSIL_SPECIMEN,1303730
10/9/19,4,HUMAN_OBSERVATION,6289329
10/9/19,4,LITERATURE,18
10/9/19,4,LIVING_SPECIMEN,9960
10/9/19,4,MACHINE_OBSERVATION,9420
10/9/19,4,MATERIAL_SAMPLE,2089809
10/9/19,4,OBSERVATION,783536
10/9/19,4,PRESERVED_SPECIMEN,1467028
10/9/19,4,UNKNOWN,123462
10/9/19,5,FOSSIL_SPECIMEN,2935
10/9/19,5,HUMAN_OBSERVATION,9490652
10/9/19,5,LIVING_SPECIMEN,171118
10/9/19,5,MACHINE_OBSERVATION,23
10/9/19,5,MATERIAL_SAMPLE,424586
10/9/19,5,OBSERVATION,280926
10/9/19,5,PRESERVED_SPECIMEN,6983255
10/9/19,5,UNKNOWN,477112
10/9/19,6,FOSSIL_SPECIMEN,690238
10/9/19,6,HUMAN_OBSERVATION,171310213
10/9/19,6,LITERATURE,169126
10/9/19,6,LIVING_SPECIMEN,1067636
10/9/19,6,MACHINE_OBSERVATION,70636
10/9/19,6,MATERIAL_SAMPLE,585044
10/9/19,6,OBSERVATION,5560900
10/9/19,6,PRESERVED_SPECIMEN,77001881
10/9/19,6,UNKNOWN,8902258
10/9/19,7,FOSSIL_SPECIMEN,20142
10/9/19,7,HUMAN_OBSERVATION,247172
10/9/19,7,LIVING_SPECIMEN,4806
10/9/19,7,MACHINE_OBSERVATION,13
10/9/19,7,MATERIAL_SAMPLE,338772
10/9/19,7,OBSERVATION,116418
10/9/19,7,PRESERVED_SPECIMEN,328739
10/9/19,7,UNKNOWN,5799
10/9/19,8,HUMAN_OBSERVATION,707
10/9/19,8,LIVING_SPECIMEN,1090
10/9/19,8,MATERIAL_SAMPLE,36520
10/9/19,8,PRESERVED_SPECIMEN,741
10/9/19,8,UNKNOWN,28
1/1/20,0,FOSSIL_SPECIMEN,795433
1/1/20,0,HUMAN_OBSERVATION,934261
1/1/20,0,LITERATURE,216
1/1/20,0,LIVING_SPECIMEN,24984
1/1/20,0,MACHINE_OBSERVATION,20083
1/1/20,0,MATERIAL_SAMPLE,2153804
1/1/20,0,OBSERVATION,475929
1/1/20,0,PRESERVED_SPECIMEN,2708719
1/1/20,0,UNKNOWN,217734
1/1/20,1,FOSSIL_SPECIMEN,5707579
1/1/20,1,HUMAN_OBSERVATION,920845743
1/1/20,1,LITERATURE,51652
1/1/20,1,LIVING_SPECIMEN,268372
1/1/20,1,MACHINE_OBSERVATION,11845426
1/1/20,1,MATERIAL_SAMPLE,8130168
1/1/20,1,OBSERVATION,12432353
1/1/20,1,PRESERVED_SPECIMEN,77083674
1/1/20,1,UNKNOWN,6088246
1/1/20,2,HUMAN_OBSERVATION,10
1/1/20,2,LIVING_SPECIMEN,1324
1/1/20,2,MATERIAL_SAMPLE,227116
1/1/20,2,PRESERVED_SPECIMEN,109
1/1/20,2,UNKNOWN,13536
1/1/20,3,FOSSIL_SPECIMEN,8617
1/1/20,3,HUMAN_OBSERVATION,158004
1/1/20,3,LIVING_SPECIMEN,105800
1/1/20,3,MACHINE_OBSERVATION,462
1/1/20,3,MATERIAL_SAMPLE,10652487
1/1/20,3,OBSERVATION,2834
1/1/20,3,PRESERVED_SPECIMEN,166237
1/1/20,3,UNKNOWN,808414
1/1/20,4,FOSSIL_SPECIMEN,3869823
1/1/20,4,HUMAN_OBSERVATION,3646340
1/1/20,4,LITERATURE,18
1/1/20,4,LIVING_SPECIMEN,9943
1/1/20,4,MACHINE_OBSERVATION,9420
1/1/20,4,MATERIAL_SAMPLE,2261000
1/1/20,4,OBSERVATION,783522
1/1/20,4,PRESERVED_SPECIMEN,1432594
1/1/20,4,UNKNOWN,116734
1/1/20,5,FOSSIL_SPECIMEN,8934
1/1/20,5,HUMAN_OBSERVATION,9685930
1/1/20,5,LIVING_SPECIMEN,163394
1/1/20,5,MACHINE_OBSERVATION,23
1/1/20,5,MATERIAL_SAMPLE,587714
1/1/20,5,OBSERVATION,280446
1/1/20,5,PRESERVED_SPECIMEN,6973931
1/1/20,5,UNKNOWN,1520199
1/1/20,6,FOSSIL_SPECIMEN,708575
1/1/20,6,HUMAN_OBSERVATION,186591547
1/1/20,6,LITERATURE,167841
1/1/20,6,LIVING_SPECIMEN,1060881
1/1/20,6,MACHINE_OBSERVATION,70913
1/1/20,6,MATERIAL_SAMPLE,952250
1/1/20,6,OBSERVATION,5561622
1/1/20,6,PRESERVED_SPECIMEN,77245979
1/1/20,6,UNKNOWN,8603858
1/1/20,7,FOSSIL_SPECIMEN,45308
1/1/20,7,HUMAN_OBSERVATION,210850
1/1/20,7,LIVING_SPECIMEN,4801
1/1/20,7,MACHINE_OBSERVATION,13
1/1/20,7,MATERIAL_SAMPLE,368104
1/1/20,7,OBSERVATION,116409
1/1/20,7,PRESERVED_SPECIMEN,327932
1/1/20,7,UNKNOWN,5738
1/1/20,8,HUMAN_OBSERVATION,2129
1/1/20,8,LIVING_SPECIMEN,1090
1/1/20,8,MATERIAL_SAMPLE,36520
1/1/20,8,PRESERVED_SPECIMEN,830
1/1/20,8,UNKNOWN,28
4/1/20,0,FOSSIL_SPECIMEN,817290
4/1/20,0,HUMAN_OBSERVATION,989429
4/1/20,0,LITERATURE,216
4/1/20,0,LIVING_SPECIMEN,24942
4/1/20,0,MACHINE_OBSERVATION,47498
4/1/20,0,MATERIAL_SAMPLE,2326187
4/1/20,0,OBSERVATION,475928
4/1/20,0,PRESERVED_SPECIMEN,3472632
4/1/20,0,UNKNOWN,219101
4/1/20,1,FOSSIL_SPECIMEN,6078228
4/1/20,1,HUMAN_OBSERVATION,936912088
4/1/20,1,LITERATURE,51652
4/1/20,1,LIVING_SPECIMEN,268529
4/1/20,1,MACHINE_OBSERVATION,12451319
4/1/20,1,MATERIAL_SAMPLE,7035858
4/1/20,1,OBSERVATION,12432362
4/1/20,1,PRESERVED_SPECIMEN,79689870
4/1/20,1,UNKNOWN,6180539
4/1/20,2,HUMAN_OBSERVATION,10
4/1/20,2,LIVING_SPECIMEN,1256
4/1/20,2,MATERIAL_SAMPLE,251539
4/1/20,2,PRESERVED_SPECIMEN,142
4/1/20,2,UNKNOWN,13536
4/1/20,3,FOSSIL_SPECIMEN,8931
4/1/20,3,HUMAN_OBSERVATION,174006
4/1/20,3,LIVING_SPECIMEN,106990
4/1/20,3,MACHINE_OBSERVATION,462
4/1/20,3,MATERIAL_SAMPLE,13265979
4/1/20,3,OBSERVATION,2838
4/1/20,3,PRESERVED_SPECIMEN,168983
4/1/20,3,UNKNOWN,808433
4/1/20,4,FOSSIL_SPECIMEN,3946960
4/1/20,4,HUMAN_OBSERVATION,3620701
4/1/20,4,LITERATURE,18
4/1/20,4,LIVING_SPECIMEN,9683
4/1/20,4,MACHINE_OBSERVATION,9421
4/1/20,4,MATERIAL_SAMPLE,2406126
4/1/20,4,OBSERVATION,783523
4/1/20,4,PRESERVED_SPECIMEN,1434804
4/1/20,4,UNKNOWN,119105
4/1/20,5,FOSSIL_SPECIMEN,9282
4/1/20,5,HUMAN_OBSERVATION,9901476
4/1/20,5,LIVING_SPECIMEN,157656
4/1/20,5,MACHINE_OBSERVATION,23
4/1/20,5,MATERIAL_SAMPLE,717853
4/1/20,5,OBSERVATION,280532
4/1/20,5,PRESERVED_SPECIMEN,7002918
4/1/20,5,UNKNOWN,1522119
4/1/20,6,FOSSIL_SPECIMEN,731585
4/1/20,6,HUMAN_OBSERVATION,191607546
4/1/20,6,LITERATURE,167841
4/1/20,6,LIVING_SPECIMEN,1068398
4/1/20,6,MACHINE_OBSERVATION,70936
4/1/20,6,MATERIAL_SAMPLE,979609
4/1/20,6,OBSERVATION,5562463
4/1/20,6,PRESERVED_SPECIMEN,78152969
4/1/20,6,UNKNOWN,8639354
4/1/20,7,FOSSIL_SPECIMEN,50428
4/1/20,7,HUMAN_OBSERVATION,213318
4/1/20,7,LIVING_SPECIMEN,4825
4/1/20,7,MACHINE_OBSERVATION,13
4/1/20,7,MATERIAL_SAMPLE,419172
4/1/20,7,OBSERVATION,116409
4/1/20,7,PRESERVED_SPECIMEN,328122
4/1/20,7,UNKNOWN,5794
4/1/20,8,HUMAN_OBSERVATION,4876
4/1/20,8,LIVING_SPECIMEN,1090
4/1/20,8,MATERIAL_SAMPLE,36981
4/1/20,8,PRESERVED_SPECIMEN,830
4/1/20,8,UNKNOWN,28
7/1/20,0,FOSSIL_SPECIMEN,828738
7/1/20,0,HUMAN_OBSERVATION,816720
7/1/20,0,LITERATURE,216
7/1/20,0,LIVING_SPECIMEN,24795
7/1/20,0,MACHINE_OBSERVATION,73294
7/1/20,0,MATERIAL_SAMPLE,2328305
7/1/20,0,OBSERVATION,475819
7/1/20,0,PRESERVED_SPECIMEN,3861577
7/1/20,0,UNKNOWN,211842
7/1/20,1,FOSSIL_SPECIMEN,6201828
7/1/20,1,HUMAN_OBSERVATION,1090032233
7/1/20,1,LITERATURE,44935
7/1/20,1,LIVING_SPECIMEN,268526
7/1/20,1,MACHINE_OBSERVATION,12562705
7/1/20,1,MATERIAL_SAMPLE,10055314
7/1/20,1,OBSERVATION,12413126
7/1/20,1,PRESERVED_SPECIMEN,81897250
7/1/20,1,UNKNOWN,6030605
7/1/20,2,HUMAN_OBSERVATION,10
7/1/20,2,LIVING_SPECIMEN,1256
7/1/20,2,MATERIAL_SAMPLE,251539
7/1/20,2,PRESERVED_SPECIMEN,142
7/1/20,2,UNKNOWN,13536
7/1/20,3,FOSSIL_SPECIMEN,9150
7/1/20,3,HUMAN_OBSERVATION,180104
7/1/20,3,LIVING_SPECIMEN,107152
7/1/20,3,MACHINE_OBSERVATION,4894
7/1/20,3,MATERIAL_SAMPLE,13265978
7/1/20,3,OBSERVATION,2838
7/1/20,3,PRESERVED_SPECIMEN,173163
7/1/20,3,UNKNOWN,810094
7/1/20,4,FOSSIL_SPECIMEN,3955937
7/1/20,4,HUMAN_OBSERVATION,2955229
7/1/20,4,LITERATURE,18
7/1/20,4,LIVING_SPECIMEN,9693
7/1/20,4,MACHINE_OBSERVATION,15359
7/1/20,4,MATERIAL_SAMPLE,2406132
7/1/20,4,OBSERVATION,783547
7/1/20,4,PRESERVED_SPECIMEN,2136637
7/1/20,4,UNKNOWN,118511
7/1/20,5,FOSSIL_SPECIMEN,9495
7/1/20,5,HUMAN_OBSERVATION,10020582
7/1/20,5,LIVING_SPECIMEN,157698
7/1/20,5,MACHINE_OBSERVATION,328
7/1/20,5,MATERIAL_SAMPLE,720638
7/1/20,5,OBSERVATION,280562
7/1/20,5,PRESERVED_SPECIMEN,7052156
7/1/20,5,UNKNOWN,1521112
7/1/20,6,FOSSIL_SPECIMEN,755951
7/1/20,6,HUMAN_OBSERVATION,197618030
7/1/20,6,LITERATURE,167841
7/1/20,6,LIVING_SPECIMEN,1068138
7/1/20,6,MACHINE_OBSERVATION,84178
7/1/20,6,MATERIAL_SAMPLE,996929
7/1/20,6,OBSERVATION,5562840
7/1/20,6,PRESERVED_SPECIMEN,79441350
7/1/20,6,UNKNOWN,8667581
7/1/20,7,FOSSIL_SPECIMEN,52720
7/1/20,7,HUMAN_OBSERVATION,215737
7/1/20,7,LIVING_SPECIMEN,4825
7/1/20,7,MACHINE_OBSERVATION,62
7/1/20,7,MATERIAL_SAMPLE,419167
7/1/20,7,OBSERVATION,116411
7/1/20,7,PRESERVED_SPECIMEN,330744
7/1/20,7,UNKNOWN,4653
7/1/20,8,HUMAN_OBSERVATION,5034
7/1/20,8,LIVING_SPECIMEN,1090
7/1/20,8,MATERIAL_SAMPLE,36981
7/1/20,8,PRESERVED_SPECIMEN,830
7/1/20,8,UNKNOWN,28